"Step","Grouped runs (OpenMatch) - In distribution over conf 0.95: ACC","Grouped runs (OpenMatch) - In distribution over conf 0.95: ACC__MIN","Grouped runs (OpenMatch) - In distribution over conf 0.95: ACC__MAX","Grouped runs (FixMatch) - In distribution over conf 0.95: ACC","Grouped runs (FixMatch) - In distribution over conf 0.95: ACC__MIN","Grouped runs (FixMatch) - In distribution over conf 0.95: ACC__MAX","Grouped runs (CaliMatch) - In distribution over conf 0.95: ACC","Grouped runs (CaliMatch) - In distribution over conf 0.95: ACC__MIN","Grouped runs (CaliMatch) - In distribution over conf 0.95: ACC__MAX","Grouped runs (SafeStudent) - In distribution over conf 0.95: ACC","Grouped runs (SafeStudent) - In distribution over conf 0.95: ACC__MIN","Grouped runs (SafeStudent) - In distribution over conf 0.95: ACC__MAX","Grouped runs (MTC) - In distribution over conf 0.95: ACC","Grouped runs (MTC) - In distribution over conf 0.95: ACC__MIN","Grouped runs (MTC) - In distribution over conf 0.95: ACC__MAX","Grouped runs (IOMatch) - In distribution over conf 0.95: ACC","Grouped runs (IOMatch) - In distribution over conf 0.95: ACC__MIN","Grouped runs (IOMatch) - In distribution over conf 0.95: ACC__MAX"
"0","0.0081395348533988","0.0081395348533988","0.0081395348533988","0.011315741948783398","0","0.01967414654791355","","","","0.013464194489642978","0.006607929244637489","0.022621629759669304","0.01332173744837443","0","0.0317460335791111","","",""
"1","0.9021507978439331","0.8445078730583191","0.9473684430122375","0.894847297668457","0.8394584655761719","0.9338521361351013","","","","0.8767910838127136","0.7826961278915405","0.947115421295166","0.8737149715423584","0.8558225631713867","0.921875","0.8983618140220642","0.8647887110710144","0.954929530620575"
"2","0.7423282980918884","0.7204458713531494","0.764215350151062","0.7114680767059326","0.68243008852005","0.7563893795013428","1","1","1","0.7584786057472229","0.7399141788482666","0.796226441860199","0.7299903988838196","0.6995447874069214","0.7593856453895569","0.7916798710823059","0.7639821171760559","0.8215258717536926"
"3","0.5742035865783691","0.5424513220787048","0.6137214303016663","0.6010579466819763","0.5801186561584473","0.6401833295822144","0.9868829607963562","0.9737609624862671","0.993220329284668","0.5593801498413086","0.5352230072021484","0.5809994339942932","0.5579754948616028","0.5327968597412109","0.5754740834236145","0.6311773538589478","0.6007791757583618","0.6889632344245911"
"4","0.5443705320358276","0.5145794749259949","0.5651517510414124","0.5430281162261963","0.5164726376533508","0.5607531070709229","0.9566283106803894","0.9492537379264832","0.9619834423065186","0.5397815585136414","0.5270829200744629","0.5650306940078735","0.5174348056316376","0.49488821625709534","0.5409482717514038","0.6043807148933411","0.5676201581954956","0.6367501020431519"
"5","0.6522719621658325","0.6362946033477783","0.669502317905426","0.5304211914539337","0.4734862744808197","0.5739402174949646","0.954440426826477","0.9259259104728699","0.9848484396934509","0.5249718427658081","0.4915090799331665","0.5661597847938538","0.4918808460235596","0.47158998250961304","0.5164243578910828","0.5721098184585571","0.5248886346817017","0.6063532829284668"
"6","0.6790796875953674","0.6628108620643616","0.6952965259552002","0.5353309512138367","0.5151204466819763","0.5635964870452881","0.9237345576286315","0.8981481790542603","0.9587956070899963","0.5200684785842895","0.4870813190937042","0.5659675002098083","0.48060104846954343","0.4652693569660187","0.5026293396949768","0.583864974975586","0.5563880205154419","0.6082473993301392"
"7","0.6672298669815063","0.6574565768241882","0.6763238310813904","0.5366278350353241","0.48768314719200134","0.5723835229873657","0.9381805181503295","0.9161931872367859","0.9546166062355042","0.5141036033630371","0.48385483026504517","0.5394149422645569","0.4683549106121063","0.4321349859237671","0.5108563899993896","0.599056077003479","0.5378828644752502","0.6411282420158386"
"8","0.672273600101471","0.6471801996231079","0.6939784288406372","0.5378785252571106","0.5205335021018982","0.5661942958831787","0.9380723237991333","0.9193181395530701","0.9590316414833069","0.4910022735595703","0.4377147853374481","0.565674901008606","0.45141589641571045","0.42398184537887573","0.4721794128417969","0.5960464000701904","0.5477815866470337","0.6541886329650879"
"9","0.6694417238235474","0.6434426307678223","0.6899548172950745","0.5466904222965241","0.48333612084388733","0.5875066518783569","0.9283780217170715","0.9035087823867798","0.9519743919372559","0.5080202937126159","0.4839506447315216","0.5275834798812866","0.45527159571647646","0.4397566616535187","0.47877052426338196","0.583206582069397","0.5624650120735168","0.6356794238090515"
"10","0.678880763053894","0.6547335386276245","0.7070791721343994","0.5495888471603394","0.5249380469322205","0.5943613648414612","0.9171837329864502","0.8963133692741394","0.9349315166473389","0.5051629424095154","0.48887622356414795","0.5321323275566101","0.4687475562095642","0.4275352656841278","0.49695611000061035","0.6133234977722168","0.5914404392242432","0.6407747268676758"
"11","0.6712258815765381","0.6565546989440918","0.6917002201080322","0.5319830238819122","0.47107169032096863","0.5696465373039246","0.909857988357544","0.9020665287971497","0.919388473033905","0.4822817385196686","0.45183253288269043","0.5150247812271118","0.9437301278114318","0.9174603223800659","0.9730639457702637","0.6141566753387451","0.5717095732688904","0.6602473258972168"
"12","0.6658034682273865","0.6498916149139404","0.6740896701812744","0.5852530241012573","0.5485231876373291","0.6127074360847473","0.91964031457901","0.9080390334129333","0.9330143332481384","0.4955887794494629","0.46599307656288147","0.5199249982833862","0.9362303733825683","0.9034690856933594","0.9616307020187378","0.610093629360199","0.5628581643104553","0.6281460523605347"
"13","0.670254921913147","0.6505376100540161","0.6949782967567444","0.5646948695182801","0.5225825309753418","0.5911769270896912","0.8996257185935974","0.8488159775733948","0.9382379651069641","0.5051729261875153","0.48880496621131897","0.5361407995223999","0.9314847350120544","0.8994082808494568","0.9591398239135742","0.6211744546890259","0.5765809416770935","0.6894211173057556"
"14","0.6682100415229797","0.6473832726478577","0.6856228113174438","0.5720067977905273","0.553311824798584","0.586468517780304","0.8743329048156738","0.7677338719367981","0.9206874370574951","0.4813196241855621","0.4525620937347412","0.5310148596763611","0.9223717212677002","0.8765903115272522","0.9445378184318542","0.6085675358772278","0.5799453258514404","0.660478949546814"
"15","0.6652509689331054","0.6526386737823486","0.6837657690048218","0.5887965798377991","0.5362967252731323","0.6387777328491211","0.8957674622535705","0.8814168572425842","0.9112645983695984","0.4742260634899139","0.44170525670051575","0.5034211277961731","0.9249522447586059","0.8988195657730103","0.9519833326339722","0.6068593502044678","0.5766813158988953","0.6298295855522156"
"16","0.6679048061370849","0.6546580195426941","0.6843551397323608","0.5888207435607911","0.5662218332290649","0.6136140823364258","0.8857271432876587","0.8786808252334595","0.8983818292617798","0.49988057017326354","0.45417022705078125","0.5408287644386292","0.9094167232513428","0.88722825050354","0.9262820482254028","0.6225308895111084","0.5838194489479065","0.6554213166236877"
"17","0.6585569739341736","0.642160177230835","0.6847843527793884","0.6070220470428467","0.566079318523407","0.625","0.8791328191757202","0.84895259141922","0.8989757895469666","0.5001426637172699","0.48421335220336914","0.5094536542892456","0.9147130131721497","0.8712273240089417","0.9460501074790955","0.589795732498169","0.5439847707748413","0.6091804504394531"
"18","0.6660736680030823","0.656591534614563","0.6830703020095825","0.6229699730873108","0.590258777141571","0.6511508226394653","0.8925284385681153","0.8789357542991638","0.9029626846313477","0.48554354906082153","0.45863407850265503","0.5171136856079102","0.9078204035758972","0.8838710188865662","0.9240986704826355","0.6141827344894409","0.5877098441123962","0.6478248238563538"
"19","0.6537341356277466","0.6405606865882874","0.6743086576461792","0.6086396813392639","0.5639301538467407","0.6442360877990723","0.88000009059906","0.8423256278038025","0.895977258682251","0.5090831995010376","0.4972906708717346","0.5174441337585449","0.8947852492332459","0.8543210029602051","0.9417989253997803","0.6149354696273803","0.6030545234680176","0.6254411339759827"
"20","0.6541757225990296","0.6407691240310669","0.6719022393226624","0.6338606476783752","0.601294755935669","0.6557531952857971","0.8768684387207031","0.8704581260681152","0.8804185390472412","0.515772020816803","0.5031872987747192","0.5354783535003662","0.8931653022766113","0.8556097745895386","0.9171717762947083","0.6189697980880737","0.5969947576522827","0.636591911315918"
"21","0.6652474999427795","0.649233341217041","0.6837725043296814","0.6112888097763062","0.5875579714775085","0.6319650411605835","0.8806491613388061","0.8746774792671204","0.8840090036392212","0.7690740108489991","0.7384916543960571","0.801369845867157","0.8832413673400878","0.8578391671180725","0.9079136848449707","0.6129315495491028","0.586345374584198","0.6622834205627441"
"22","0.6517561078071594","0.6368371844291687","0.6747539639472961","0.6156790852546692","0.588796854019165","0.6662819385528564","0.8784345507621765","0.8745188117027283","0.8858872652053833","0.741364848613739","0.6983771920204163","0.7965136766433716","0.887204623222351","0.8730385303497314","0.8963795304298401","0.6225728869438172","0.600432276725769","0.6457575559616089"
"23","0.6558419108390808","0.6431767344474792","0.6752861738204956","0.6344486832618713","0.6227162480354309","0.6570724248886108","0.8743344306945801","0.8656606674194336","0.8805914521217346","0.7273518443107605","0.696177065372467","0.7447202205657959","0.8765281081199646","0.8629807829856873","0.8925318717956543","0.6185684442520142","0.5891307592391968","0.6672738194465637"
"24","0.6467686533927918","0.6300578117370605","0.6654099822044373","0.6109248518943786","0.6034790277481079","0.6161310076713562","0.8709137201309204","0.8600070476531982","0.8833865523338318","0.7164249658584595","0.6990246176719666","0.7491773962974548","0.8756381511688233","0.8454647660255432","0.9080644845962524","0.6177140355110169","0.5906763672828674","0.645473837852478"
"25","0.6550235271453857","0.6434598565101624","0.670685350894928","0.6055065393447876","0.5886123776435852","0.639268696308136","0.8657789468765259","0.8515080809593201","0.8786661624908447","0.714757239818573","0.6893370747566223","0.7304926514625549","0.875578236579895","0.8532289266586304","0.8991735577583313","0.6330568552017212","0.6231397390365601","0.6416028141975403"
"26","0.6534234404563903","0.6322376728057861","0.6662753820419312","0.6298202872276306","0.6042144298553467","0.668106734752655","0.8692227244377136","0.8616513609886169","0.8725455403327942","0.6905567646026611","0.6750263571739197","0.7314995527267456","0.8670869112014771","0.8349442481994629","0.8826945424079895","0.6267143011093139","0.6002410054206848","0.6773754954338074"
"27","0.6413632750511169","0.6324616074562073","0.6523297429084778","0.6245864272117615","0.575609028339386","0.6573807597160339","0.8644444108009338","0.8529412150382996","0.875130832195282","0.6781872034072876","0.6275386810302734","0.7115043997764587","0.872528338432312","0.8559514880180359","0.8957415223121643","0.6340328335762024","0.6184024810791016","0.6687995791435242"
"28","0.6526944041252136","0.642479419708252","0.6664997935295105","0.6173056244850159","0.5939490795135498","0.6310567855834961","0.8649516344070435","0.8552770614624023","0.8770833611488342","0.6950623273849488","0.6736596822738647","0.7144207954406738","0.8531606078147889","0.807894766330719","0.8937908411026001","0.6261029958724975","0.5845537185668945","0.6472694873809814"
"29","0.6515451788902282","0.6410663723945618","0.6612341403961182","0.6211791634559631","0.593127429485321","0.6457235217094421","0.8626989960670471","0.8553706407546997","0.8683834075927734","0.6860572814941406","0.6513482928276062","0.7007603049278259","0.8593229293823242","0.8268229365348816","0.884902834892273","0.6319868803024292","0.6145908832550049","0.6507636308670044"
"30","0.6419754385948181","0.6320732235908508","0.6553149819374084","0.6361063480377197","0.6184357404708862","0.6748831868171692","0.8594350099563599","0.8454217314720154","0.8743765950202942","0.6908084630966187","0.6726006269454956","0.7011550664901733","0.8525904417037964","0.7991831302642822","0.8773307204246521","0.6257119059562684","0.6031613945960999","0.6781972050666809"
"31","0.6481763482093811","0.6221981048583984","0.6797708868980408","0.6382473587989808","0.6095366477966309","0.669222354888916","0.8590517640113831","0.8463080525398254","0.869158923625946","0.6951749682426452","0.6507082581520081","0.7429991960525513","0.8528789281845093","0.8242096900939941","0.8862876296043396","0.6404260396957397","0.5927735567092896","0.6802855730056763"
"32","0.6490788698196411","0.6261614561080933","0.6593637466430664","0.6133381962776184","0.583630383014679","0.6308706402778625","0.8559527277946473","0.8481178283691406","0.8623124957084656","0.663616394996643","0.6095067262649536","0.7220059633255005","0.8518816351890564","0.8331878185272217","0.8711721301078796","0.64354909658432","0.6267772912979126","0.6622222065925598"
"33","0.6373464822769165","0.6244992017745972","0.6492537260055542","0.6088119506835937","0.5915923118591309","0.6327934861183167","0.8561451315879822","0.8454851508140564","0.8645903468132019","0.6780390620231629","0.6649175882339478","0.692173182964325","0.839326000213623","0.8176197409629822","0.8597603440284729","0.6340169310569763","0.5991735458374023","0.6554393172264099"
"34","0.6380541563034058","0.6275308132171631","0.6492509841918945","0.6131940007209777","0.5904553532600403","0.6421304941177368","0.8579094409942627","0.8552441596984863","0.8635992407798767","0.6692563533782959","0.6467766761779785","0.6789124011993408","0.840759789943695","0.8201124668121338","0.8666666746139526","0.6417918801307678","0.6214705109596252","0.6607276201248169"
"35","0.6393190741539001","0.6244081854820251","0.6529475450515747","0.6376261353492737","0.5964657664299011","0.6744494438171387","0.859138822555542","0.8463051319122314","0.8702225089073181","0.6680635452270508","0.6526621580123901","0.6847646832466125","0.8336361765861511","0.8116592168807983","0.8535912036895752","0.6381858825683594","0.6227665543556213","0.6653508543968201"
"36","0.6497202038764953","0.6366989612579346","0.6729536056518555","0.6232670903205871","0.6108906269073486","0.6393490433692932","0.8522181272506714","0.8494125008583069","0.8569037318229675","0.6663981795310974","0.6320269107818604","0.6898473501205444","0.840936827659607","0.8109338879585266","0.8835165500640869","0.624507212638855","0.5881965756416321","0.6396215558052063"
"37","0.6508231520652771","0.6345939636230469","0.6715420484542847","0.612936794757843","0.5666780471801758","0.6290966272354126","0.8494309425354004","0.844548761844635","0.8569396734237671","0.6496136665344239","0.6279193162918091","0.6742148995399475","0.82525132894516","0.7832021117210388","0.861621618270874","0.6263146758079529","0.5937776565551758","0.6627294421195984"
"38","0.6399172186851502","0.6280198693275452","0.6533641815185547","0.6138252496719361","0.5960256457328796","0.6261194944381714","0.852411425113678","0.8470097184181213","0.8572225570678711","0.6645102977752686","0.6560015082359314","0.6719635128974915","0.8242469429969788","0.7808858156204224","0.8592274785041809","0.6357879281044007","0.6145402789115906","0.6574465036392212"
"39","0.6449563384056092","0.6222917437553406","0.6593596339225769","0.6119591236114502","0.6005679965019226","0.6232789754867554","0.8490535974502563","0.8401236534118652","0.8598055243492126","0.6685325145721436","0.6341337561607361","0.7087996602058411","0.8103051781654358","0.7920546531677246","0.8511383533477783","0.6284205913543701","0.6166623830795288","0.6417174339294434"
"40","0.6504743933677674","0.6369330883026123","0.6649619936943054","0.6027017116546631","0.5818056464195251","0.6276295781135559","0.853570306301117","0.8491108417510986","0.8574827909469604","0.6451106786727905","0.6247740983963013","0.6752232313156128","0.8031186819076538","0.7633452415466309","0.8357964158058167","0.6348089456558228","0.618179440498352","0.6525478363037109"
"41","0.6491216540336608","0.6225495934486389","0.6649188995361328","0.6137650012969971","0.5998904705047607","0.6260662078857422","0.8476119875907898","0.8352519869804382","0.8568341732025146","0.6441912770271301","0.6360437273979187","0.6579333543777466","0.8149715781211853","0.8064076900482178","0.8312159776687622","0.6309480547904969","0.6118126511573792","0.6593549847602844"
"42","0.643878448009491","0.62360680103302","0.6702035665512085","0.6089511513710022","0.6026128530502319","0.6202755570411682","0.847615098953247","0.8367576599121094","0.8563267588615417","0.6369881272315979","0.6275885701179504","0.6472064256668091","0.8203524589538574","0.7962515354156494","0.8462809920310974","0.6273024320602417","0.6147732734680176","0.6518930792808533"
"43","0.6446486592292786","0.6184073090553284","0.6658135056495667","0.6115098357200622","0.5961960554122925","0.6331253051757812","0.8444861054420472","0.8323427438735962","0.8546448349952698","0.6608090400695801","0.6456636786460876","0.686122715473175","0.8120782375335693","0.7659198045730591","0.8289175033569336","0.6294124841690063","0.6106112599372864","0.6615169048309326"
"44","0.6408231496810913","0.6274575591087341","0.658507764339447","0.6056232929229737","0.575384259223938","0.6276248693466187","0.8410793662071228","0.8365334868431091","0.8443161249160767","0.6494124889373779","0.6338117718696594","0.6774064898490906","0.8047876477241516","0.7763974666595459","0.8396998643875122","0.6253753662109375","0.6120734810829163","0.6531588435173035"
"45","0.638007378578186","0.6266604065895081","0.6505580544471741","0.6126834392547608","0.6004441976547241","0.6245887875556946","0.8432707548141479","0.8332506418228149","0.8486677408218384","0.6612878561019897","0.6194891929626465","0.7320539951324463","0.7942345023155213","0.7767978310585022","0.8147367835044861","0.627052903175354","0.6138638854026794","0.6366980075836182"
"46","0.6395216822624207","0.6242045760154724","0.6536067128181458","0.6071297645568847","0.6014828681945801","0.614409327507019","0.8432373404502869","0.8359788656234741","0.8495320081710815","0.6419444561004639","0.6204560995101929","0.671457052230835","0.8066969394683838","0.7667638063430786","0.833078145980835","0.6310959815979004","0.6215106844902039","0.6399685144424438"
"47","0.6404423117637634","0.622378408908844","0.6665862798690796","0.6063143968582153","0.5911105871200562","0.6219868659973145","0.8456978082656861","0.8424981236457825","0.8528826832771301","0.6439596891403199","0.6296478509902954","0.6622340679168701","0.7985596895217896","0.7850662469863892","0.8157894611358643","0.625045382976532","0.5972574949264526","0.649617075920105"
"48","0.6392104983329773","0.6267458200454712","0.6488684415817261","0.5983376860618591","0.5870745778083801","0.6135717630386353","0.8383092403411865","0.8316301703453064","0.8439972996711731","0.6365594863891602","0.5947461724281311","0.6610231399536133","0.797823703289032","0.7760956287384033","0.8309859037399292","0.6375886082649231","0.6251634955406189","0.6476607918739319"
"49","0.6353989839553833","0.6224303245544434","0.6592468023300171","0.604406762123108","0.5767572522163391","0.6343516707420349","0.8374902009963989","0.8309893608093262","0.8451030254364014","0.6250194787979126","0.6218888163566589","0.6293683052062988","0.7866133928298951","0.7448559403419495","0.8275229334831238","0.625933301448822","0.6026650667190552","0.6421133875846863"
"50","0.6420418381690979","0.6287655830383301","0.6548187136650085","0.5993589758872986","0.5871089696884155","0.6108998656272888","0.8397768497467041","0.8308702707290649","0.8485267162322998","0.6362503290176391","0.6098317503929138","0.6647309064865112","0.788286292552948","0.7635440230369568","0.8097112774848938","0.6183278918266296","0.5989318490028381","0.6315423250198364"
"51","0.6417133688926697","0.6295965313911438","0.6535259485244751","0.5961894869804383","0.5870994925498962","0.6012195348739624","0.8408740520477295","0.8381344079971313","0.8425994515419006","0.6273980259895324","0.6203001141548157","0.6326963901519775","0.79023517370224","0.701020359992981","0.8416752219200134","0.6171685695648194","0.6028913855552673","0.6457607746124268"
"52","0.6359981656074524","0.6177538633346558","0.6595271825790405","0.5881595134735107","0.5732280015945435","0.5996658205986023","0.8357240915298462","0.8234596848487854","0.8447501063346863","0.6369181394577026","0.6220136284828186","0.6577520370483398","0.777524471282959","0.751937985420227","0.8076634407043457","0.6198291659355164","0.6059497594833374","0.6352683305740356"
"53","0.6357142210006714","0.6270818710327148","0.6512731313705444","0.5943570613861084","0.5867912173271179","0.6013365387916565","0.8347164630889893","0.826130211353302","0.8410100936889648","0.6356854796409607","0.6151713132858276","0.6515691876411438","0.780986487865448","0.754027247428894","0.811278223991394","0.6206233263015747","0.6007521152496338","0.6433287858963013"
"54","0.6379817605018616","0.628627359867096","0.6489178538322449","0.5920842409133911","0.5771924257278442","0.6025176048278809","0.8408263921737671","0.8302546143531799","0.847328245639801","0.6327039241790772","0.6084117889404297","0.6434827446937561","0.7539843320846558","0.6855496764183044","0.8010118007659912","0.6217494010925293","0.605067253112793","0.6433361768722534"
"55","0.637998640537262","0.6189653277397156","0.6603930592536926","0.5838686704635621","0.5724355578422546","0.5911718606948853","0.8353158712387085","0.8289926052093506","0.8423216342926025","0.6232977271080017","0.606951892375946","0.6385625600814819","0.7653212785720825","0.7166979312896729","0.8162729740142822","0.6220276236534119","0.6073790192604065","0.6305097341537476"
"56","0.6360700607299805","0.6231132745742798","0.6492520570755005","0.5892023921012879","0.5767596364021301","0.6124802231788635","0.8360746502876282","0.8258929252624512","0.8444234132766724","0.6240881443023681","0.6054906845092773","0.6326736211776733","0.7644062638282776","0.7400906085968018","0.7916999459266663","0.6275837898254395","0.6122843027114868","0.646397590637207"
"57","0.6365049481391907","0.6249565482139587","0.6474812030792236","0.5929813861846924","0.5841594934463501","0.5976788997650146","0.8333222389221191","0.825298547744751","0.8390147089958191","0.628425931930542","0.6047234535217285","0.6399402618408203","0.7743493914604187","0.7531871795654297","0.8141593337059021","0.6139997363090515","0.6004716157913208","0.6278167366981506"
"58","0.6402917623519897","0.6273024082183838","0.6659579873085022","0.5816417217254639","0.5710986256599426","0.5968942046165466","0.8335622549057007","0.8273428678512573","0.8385649919509888","0.6243317246437072","0.6123783588409424","0.6383776664733887","0.7811682820320129","0.7585313320159912","0.8067978620529175","0.6142117142677307","0.6031325459480286","0.6283783912658691"
"59","0.6453046321868896","0.6333520412445068","0.6659166216850281","0.5820377588272094","0.571367084980011","0.6060751676559448","0.8351000905036926","0.8292062282562256","0.8400267958641052","0.6235193252563477","0.5990397930145264","0.6399999856948853","0.7409929394721985","0.6532769203186035","0.7877138257026672","0.6235528469085694","0.604642927646637","0.6424351930618286"
"60","0.6398759245872497","0.6181146502494812","0.6473143100738525","0.583364462852478","0.5689173936843872","0.5939680337905884","0.8335523009300232","0.8288864493370056","0.8380622863769531","0.6216305017471313","0.6069144010543823","0.6355075836181641","0.7585817337036133","0.7390905022621155","0.7743949890136719","0.6188193559646606","0.6089774966239929","0.6370239853858948"
"61","0.633328914642334","0.6135563254356384","0.6622408628463745","0.5786131262779236","0.571485698223114","0.5915133357048035","0.8315050005912781","0.8279619812965393","0.8344141840934753","0.6130630373954773","0.5919539928436279","0.6241693496704102","0.7597236037254333","0.6887332797050476","0.7855866551399231","0.6109569549560547","0.5796619653701782","0.6251488327980042"
"62","0.636167311668396","0.6280757784843445","0.647261917591095","0.5792134761810303","0.5735729336738586","0.585608720779419","0.8337560772895813","0.8296859860420227","0.8421667218208313","0.6293012380599976","0.6027313470840454","0.6497926712036133","0.7629248857498169","0.7406435012817383","0.8033807873725891","0.6158758759498596","0.5995997190475464","0.6370111703872681"
"63","0.6337458848953247","0.6273797750473022","0.6496527791023254","0.573310649394989","0.5628736615180969","0.5895941853523254","0.8301270961761474","0.8245614171028137","0.8344637751579285","0.6195547461509705","0.5989232659339905","0.6329983472824097","0.7483008027076721","0.7113924026489258","0.7906441688537598","0.6130115151405334","0.5927817225456238","0.6256272792816162"
"64","0.6309551239013672","0.612683892250061","0.6645470857620239","0.5726653337478638","0.5658388137817383","0.5782533884048462","0.8307737827301025","0.8271128535270691","0.835330069065094","0.619154441356659","0.5981950759887695","0.6725664138793945","0.7424492835998535","0.7227248549461365","0.7606298923492432","0.6159517645835877","0.6024328470230103","0.6276547312736511"
"65","0.6335411548614502","0.6193498373031616","0.6464704275131226","0.570435905456543","0.5478140711784363","0.5952083468437195","0.8302632451057435","0.8218756914138794","0.8354485034942627","0.6141559600830078","0.5956954956054688","0.6421507000923157","0.7356741309165955","0.6669732928276062","0.7774935960769653","0.6105358958244324","0.5960574150085449","0.6227396130561829"
"66","0.6314203262329101","0.6232988834381104","0.6405367255210876","0.5686286807060241","0.5596203207969666","0.5803402662277222","0.8278499484062195","0.8199062943458557","0.8327721357345581","0.6042763710021972","0.5882179737091064","0.6241599321365356","0.7622523665428161","0.7410832643508911","0.7778342366218567","0.6057650685310364","0.5965307354927063","0.6275280117988586"
"67","0.6280108094215393","0.6138983368873596","0.64560467004776","0.5698409795761108","0.5627714395523071","0.5783145427703857","0.829623007774353","0.8241498470306396","0.8347629904747009","0.6094412803649902","0.588166356086731","0.6360394358634949","0.7476148009300232","0.7091361284255981","0.777265727519989","0.6132229924201965","0.5977548956871033","0.6271243095397949"
"68","0.630680239200592","0.6211578249931335","0.6417744159698486","0.5753854632377624","0.5675045847892761","0.5834099650382996","0.8280248641967773","0.8190476298332214","0.8334760069847107","0.6024336576461792","0.5962852835655212","0.6049906015396118","0.7542659997940063","0.7136752605438232","0.791966438293457","0.6135010480880737","0.5945532917976379","0.629472017288208"
"69","0.6327435135841369","0.6224558353424072","0.6384375691413879","0.5713493466377259","0.5486152172088623","0.5837510824203491","0.8302763342857361","0.8290963172912598","0.8310011029243469","0.595915424823761","0.5880056023597717","0.6092783808708191","0.7401529669761657","0.6795367002487183","0.7706484794616699","0.6080347299575806","0.5932974219322205","0.6296675801277161"
"70","0.6253248810768127","0.606086015701294","0.650704562664032","0.5659145236015319","0.5515907406806946","0.5767983794212341","0.8280324459075927","0.8238978981971741","0.8318930268287659","0.6090492129325866","0.5916703343391418","0.6279144883155823","0.7412192225456238","0.7084314823150635","0.761508584022522","0.6101944088935852","0.5937394499778748","0.6259346008300781"
"71","0.6276026964187622","0.6098576188087463","0.653896152973175","0.568040645122528","0.5523370504379272","0.576447069644928","0.8264596462249756","0.8220376968383789","0.8306057453155518","0.602645993232727","0.589885950088501","0.6349614262580872","0.7217984795570374","0.6388756632804871","0.7701342105865479","0.6105747580528259","0.596798837184906","0.63152676820755"
"72","0.6304407238960266","0.612335741519928","0.6474424004554749","0.5675066947937012","0.5504157543182373","0.5789039134979248","0.8273417234420777","0.8203161358833313","0.836663007736206","0.6055691003799438","0.5983669757843018","0.6137710213661194","0.7387089848518371","0.7154772877693176","0.760789155960083","0.602480435371399","0.5909697413444519","0.6176602840423584"
"73","0.6312878608703614","0.6078774929046631","0.6529104113578796","0.5678217768669128","0.556108295917511","0.5766474008560181","0.8263139486312866","0.8240644931793213","0.8302575349807739","0.6004028916358948","0.5875000357627869","0.6208940744400024","0.7425747513771057","0.7078285217285156","0.7739685773849487","0.6072692632675171","0.5884778499603271","0.6362302303314209"
"74","0.6322032690048218","0.624754011631012","0.6444543600082397","0.5667894959449769","0.5618042945861816","0.5783382654190063","0.8246025681495667","0.8196684122085571","0.8295125961303711","0.6007835388183593","0.5651126503944397","0.6209455728530884","0.7211492180824279","0.6435726284980774","0.7838926315307617","0.6030166983604431","0.5784915685653687","0.6153116822242737"
"75","0.6275904655456543","0.6095373630523682","0.6465095281600952","0.5632508516311645","0.547641396522522","0.5757080912590027","0.8224308371543885","0.8192148804664612","0.8256802558898926","0.6037240624427795","0.5897009968757629","0.6494066715240479","0.7463651180267334","0.7143571972846985","0.7674580812454224","0.607483732700348","0.5986440181732178","0.6257316470146179"
"76","0.6311397194862366","0.6180570125579834","0.6602675914764404","0.5580344676971436","0.5514712929725647","0.5646505355834961","0.8245750546455384","0.8221423029899597","0.8262003064155579","0.601200258731842","0.5841755270957947","0.6123695969581604","0.715775442123413","0.639674186706543","0.7748041749000549","0.6065534472465515","0.5968842506408691","0.6154757738113403"
"77","0.6247516393661499","0.6050516963005066","0.6388311386108398","0.5546228528022766","0.5474141836166382","0.5671613216400146","0.8231634497642517","0.8124728202819824","0.8369339108467102","0.5957677721977234","0.5843847393989563","0.6093571782112122","0.7319150328636169","0.6802784204483032","0.7599288821220398","0.6013960480690003","0.5927555561065674","0.6152686476707458"
"78","0.6259831309318542","0.6066918969154358","0.653225839138031","0.5591190576553344","0.5479973554611206","0.5746660232543945","0.8213521838188171","0.8189200162887573","0.8237484693527222","0.6025098323822021","0.5796741247177124","0.6126862168312073","0.7227833986282348","0.6442405581474304","0.7637326121330261","0.6107647895812989","0.5986754894256592","0.6192804574966431"
"79","0.6328879117965698","0.6139096617698669","0.6569620370864868","0.5555171251296998","0.5457690358161926","0.5661399960517883","0.8196599960327149","0.813103973865509","0.8267356157302856","0.5900394678115845","0.5662408471107483","0.6175744533538818","0.7277858853340149","0.6761177182197571","0.7783321738243103","0.6060415863990783","0.5903000831604004","0.6180989742279053"
"80","0.6244647383689881","0.604651153087616","0.6480000019073486","0.5515238523483277","0.5422534942626953","0.5625471472740173","0.8247567057609558","0.8165044188499451","0.8283658623695374","0.6024174332618714","0.5857268571853638","0.6207051873207092","0.7237565994262696","0.6311861872673035","0.7897436022758484","0.600275707244873","0.5853849649429321","0.6141245365142822"
"81","0.6370704174041748","0.6223040819168091","0.6575281023979187","0.5435221195220947","0.5331524610519409","0.5518696904182434","0.829002320766449","0.8255791068077087","0.8393033742904663","0.5855710983276368","0.5820935368537903","0.587604284286499","0.7243862867355346","0.6913350820541382","0.7566114068031311","0.5888687610626221","0.5787305235862732","0.6035571694374084"
"82","0.6358630418777466","0.6237074136734009","0.6562991142272949","0.5436468362808228","0.5342220067977905","0.5492885708808899","0.8296029806137085","0.8261652588844299","0.8387417793273926","0.5827838063240052","0.5701562166213989","0.5873640775680542","0.7131786823272706","0.6854609847068787","0.7579929232597351","0.5845633387565613","0.5776954293251038","0.5998655557632446"
"83","0.6351025819778442","0.6217676997184753","0.649549126625061","0.5394962430000305","0.5329114198684692","0.5479245185852051","0.8303391337394714","0.82640540599823","0.8368192315101624","0.579210901260376","0.5716525316238403","0.5933395624160767","0.725090742111206","0.701287567615509","0.7600939273834229","0.5824581742286682","0.5725798606872559","0.596398115158081"
"84","0.6338550329208374","0.6242010593414307","0.649533212184906","0.5373311996459961","0.5299692153930664","0.5429244041442871","0.8306350469589233","0.8265815377235413","0.8378963470458984","0.5808979511260987","0.5727872848510742","0.5893226861953735","0.7177098870277405","0.6956362724304199","0.7688932418823242","0.5798906683921814","0.5702102780342102","0.5972102880477905"
"85","0.633575189113617","0.6193084120750427","0.6513975262641907","0.5367231965065002","0.5267022848129272","0.5432692170143127","0.8301958918571473","0.828004002571106","0.8355354070663452","0.5777706742286682","0.5728814005851746","0.5831553936004639","0.7205844521522522","0.690073549747467","0.753921627998352","0.5800198793411255","0.5698862075805664","0.598112165927887"
"86","0.6297439932823181","0.6182680130004883","0.6532312035560608","0.5347430586814881","0.525225043296814","0.5433744192123413","0.8283238291740418","0.8265827894210815","0.8319295048713684","0.5760678648948669","0.5697396397590637","0.5832251310348511","0.7125033020973206","0.6891245245933533","0.7471421957015991","0.5757275104522706","0.5667271018028259","0.5889542102813721"
"87","0.6301594376564026","0.6198811531066895","0.6459229588508606","0.5336448907852173","0.5232290029525757","0.5428618788719177","0.8300306797027588","0.8279169797897339","0.8357478380203247","0.5712955713272094","0.5615166425704956","0.5786999464035034","0.713709032535553","0.686139702796936","0.7489361763000488","0.5760727524757385","0.5650029182434082","0.5903918147087097"
"88","0.6319919228553772","0.6194489598274231","0.6461150050163269","0.5316935896873474","0.5232424139976501","0.5389319062232971","0.8290492177009583","0.825816810131073","0.8356513381004333","0.5757441520690918","0.5655030012130737","0.5892881155014038","0.7045869827270508","0.6707316637039185","0.7453581094741821","0.573564100265503","0.5644393563270569","0.588665783405304"
"89","0.6288161873817444","0.6202751398086548","0.6432837843894958","0.5315195202827454","0.5247947573661804","0.5387454032897949","0.8278495788574218","0.823772132396698","0.833203911781311","0.5748133301734925","0.5609133839607239","0.5843333005905151","0.7026625990867614","0.670569121837616","0.7451071739196777","0.5728068590164185","0.5634760856628418","0.5936034321784973"
"90","0.6303094983100891","0.614268958568573","0.6506463289260864","0.5309431910514831","0.5222758054733276","0.5374033451080322","0.8283154606819153","0.8246276378631592","0.8339490294456482","0.5765087008476257","0.5725340843200684","0.5798394083976746","0.7052770972251892","0.6740151643753052","0.7393249273300171","0.5714646816253662","0.5636872053146362","0.5859701037406921"
"91","0.6273220896720886","0.612608790397644","0.6491518020629883","0.5301419854164123","0.5225217938423157","0.5384678840637207","0.8286609530448914","0.8249363303184509","0.8353147506713867","0.5701523661613465","0.5617697238922119","0.5798872113227844","0.6989796876907348","0.6617801189422607","0.74541175365448","0.5706538200378418","0.5584072470664978","0.5887590646743774"
"92","0.6303726673126221","0.6202300190925598","0.6490015387535095","0.527379035949707","0.5163083076477051","0.5360841751098633","0.8279203653335572","0.8235178589820862","0.8323306441307068","0.5724627256393433","0.5640015602111816","0.5769386291503906","0.7052510738372803","0.6767983436584473","0.7366220951080322","0.571125328540802","0.563432514667511","0.5855672359466553"
"93","0.6269988059997559","0.6135808825492859","0.643541693687439","0.5273800253868103","0.5204313397407532","0.5325299501419067","0.8292999863624573","0.8271580338478088","0.8349854350090027","0.5695430517196656","0.5613335371017456","0.5779644846916199","0.7018099904060364","0.656000018119812","0.7475437521934509","0.571236789226532","0.56369948387146","0.5837162137031555"
"94","0.6268072009086609","0.6171398162841797","0.6419645547866821","0.5287241697311401","0.5206845998764038","0.5376079082489014","0.8259286522865296","0.8223786950111389","0.8323643207550049","0.5677678227424622","0.5577837824821472","0.5754144787788391","0.7053778767585754","0.675936222076416","0.7388773560523987","0.5664632201194764","0.5597022175788879","0.5836341977119446"
"95","0.6285317778587342","0.6189825534820557","0.6498015522956848","0.525364363193512","0.5170810222625732","0.531318187713623","0.8257793545722961","0.8222050070762634","0.8308525085449219","0.5675628066062928","0.5562973022460938","0.5762757658958435","0.6997430443763732","0.6695501804351807","0.7278531789779663","0.5664798498153687","0.5567492246627808","0.5823842883110046"
"96","0.6289549589157104","0.620191752910614","0.6455779075622559","0.5264663577079773","0.520042359828949","0.5336909890174866","0.8277471184730529","0.824770450592041","0.8336866497993469","0.5661822557449341","0.5573244094848633","0.573217511177063","0.697485339641571","0.6633549928665161","0.7334471940994263","0.565058970451355","0.5541796088218689","0.5839970707893372"
"97","0.6285682320594788","0.613859236240387","0.6495997905731201","0.525944197177887","0.519661545753479","0.5329706072807312","0.8273187756538392","0.8238424062728882","0.832072913646698","0.565905487537384","0.5590752363204956","0.5752781629562378","0.6948302149772644","0.6660976409912109","0.7424047589302063","0.5650879383087158","0.5530669093132019","0.5873863697052002"
"98","0.6245380401611328","0.6102847456932068","0.6424036622047424","0.5247742295265198","0.5171747803688049","0.5323815941810608","0.8270816206932068","0.824324369430542","0.830801784992218","0.5619588255882263","0.5484388470649719","0.5756604075431824","0.6910855412483216","0.6676607131958008","0.7348416447639465","0.56436527967453","0.5571994185447693","0.5831800103187561"
"99","0.6236016631126404","0.6115641593933105","0.6333547830581665","0.5228175759315491","0.5142788887023926","0.5300799608230591","0.8276040196418762","0.8243482112884521","0.830742359161377","0.5655682682991028","0.5598361492156982","0.568566083908081","0.6919713497161866","0.6596583127975464","0.7378158569335938","0.5639948368072509","0.5506288409233093","0.5836011171340942"