"Step","Grouped runs (OpenMatch) - Selected ratio of i.d over conf 0.95","Grouped runs (OpenMatch) - Selected ratio of i.d over conf 0.95__MIN","Grouped runs (OpenMatch) - Selected ratio of i.d over conf 0.95__MAX","Grouped runs (FixMatch) - Selected ratio of i.d over conf 0.95","Grouped runs (FixMatch) - Selected ratio of i.d over conf 0.95__MIN","Grouped runs (FixMatch) - Selected ratio of i.d over conf 0.95__MAX","Grouped runs (CaliMatch) - Selected ratio of i.d over conf 0.95","Grouped runs (CaliMatch) - Selected ratio of i.d over conf 0.95__MIN","Grouped runs (CaliMatch) - Selected ratio of i.d over conf 0.95__MAX","Grouped runs (SafeStudent) - Selected ratio of i.d over conf 0.95","Grouped runs (SafeStudent) - Selected ratio of i.d over conf 0.95__MIN","Grouped runs (SafeStudent) - Selected ratio of i.d over conf 0.95__MAX","Grouped runs (MTC) - Selected ratio of i.d over conf 0.95","Grouped runs (MTC) - Selected ratio of i.d over conf 0.95__MIN","Grouped runs (MTC) - Selected ratio of i.d over conf 0.95__MAX","Grouped runs (IOMatch) - Selected ratio of i.d over conf 0.95","Grouped runs (IOMatch) - Selected ratio of i.d over conf 0.95__MIN","Grouped runs (IOMatch) - Selected ratio of i.d over conf 0.95__MAX"
"0","0.05375000089406967","0.05375000089406967","0.05375000089406967","0.22558749813470058","0.0001875000016298145","0.7456874847412109","","","","0.2815156299620867","0.05674999952316284","0.7476875185966492","0.009375000217308601","0.0013749999925494194","0.022812500596046448","","",""
"1","0.03087499998509884","0.021375000476837158","0.043812498450279236","0.032487500458955765","0.0260624997317791","0.04331250116229057","","","","0.03324999995529652","0.026000000536441803","0.04206249862909317","0.02532500047236681","0.013812500052154064","0.0338125005364418","0.02201249971985817","0.021187499165534973","0.02237500064074993"
"2","0.17761249840259552","0.15856249630451202","0.21306249499320984","0.1483374983072281","0.11493749916553497","0.1810625046491623","0.0001250000059371814","0.0000625000029685907","0.0002500000118743628","0.14106249809265137","0.1274375021457672","0.15399999916553497","0.13007499873638154","0.10987500101327896","0.16474999487400055","0.10560000091791152","0.09175000339746475","0.11393749713897705"
"3","0.33396250009536743","0.3006249964237213","0.39162498712539673","0.2519999980926514","0.24543750286102295","0.25743749737739563","0.018287499994039537","0.016062499955296516","0.021437499672174454","0.27441249787807465","0.22762499749660492","0.2998749911785126","0.26208749413490295","0.24718749523162842","0.28593748807907104","0.2336374968290329","0.2016874998807907","0.2809374928474426"
"4","0.3943125009536743","0.367125004529953","0.413937509059906","0.3142124950885773","0.29493749141693115","0.3388749957084656","0.0387874998152256","0.033937498927116394","0.041875001043081284","0.32318750619888303","0.30562499165534973","0.34937500953674316","0.33615000247955323","0.3190000057220459","0.3606874942779541","0.2672249972820282","0.23762500286102295","0.32118749618530273"
"5","0.31585000157356263","0.2938750088214874","0.3292500078678131","0.3236874997615814","0.3086875081062317","0.33762499690055847","0.01638750024139881","0.010125000029802322","0.020625000819563866","0.3436500072479248","0.3238750100135803","0.35756251215934753","0.3647875010967255","0.34818750619888306","0.3816874921321869","0.3000124990940094","0.2824999988079071","0.3226875066757202"
"6","0.3284874975681305","0.30562499165534973","0.3566249907016754","0.35003750324249266","0.31587499380111694","0.36918750405311584","0.03128750026226044","0.017875000834465027","0.045375000685453415","0.3595874965190887","0.3188124895095825","0.3918749988079071","0.3784374952316284","0.3608124852180481","0.3981874883174896","0.31635000109672545","0.2955000102519989","0.3305625021457672"
"7","0.34572499990463257","0.3257499933242798","0.36756250262260437","0.3496500015258789","0.3230625092983246","0.3881874978542328","0.03868749961256981","0.025750000029802322","0.04412499815225601","0.3718249976634979","0.3528749942779541","0.38600000739097595","0.4026500046253204","0.35981249809265137","0.4259375035762787","0.327162504196167","0.2942500114440918","0.3528749942779541"
"8","0.3680375039577484","0.3539375066757202","0.40525001287460327","0.3666374921798706","0.34599998593330383","0.39406248927116394","0.04510000050067901","0.03175000101327896","0.059812501072883606","0.39263750314712526","0.34450000524520874","0.43650001287460327","0.4055124998092651","0.36506250500679016","0.45887500047683716","0.3329500019550323","0.30662500858306885","0.36625000834465027"
"9","0.37378749847412107","0.3414374887943268","0.39649999141693115","0.3509125053882599","0.3084999918937683","0.3838750123977661","0.062275000661611554","0.046562500298023224","0.07124999910593033","0.40583750009536745","0.3775624930858612","0.4411875009536743","0.439549994468689","0.4164375066757202","0.4725624918937683","0.3460750043392181","0.3072499930858612","0.39506250619888306"
"10","0.3812624990940094","0.3700000047683716","0.39281249046325684","0.377037501335144","0.32587501406669617","0.4034999907016754","0.07011250108480453","0.0416250005364418","0.09125000238418579","0.39026249647140504","0.3608124852180481","0.43825000524520874","0.4285875022411346","0.39012500643730164","0.46531251072883606","0.32587499618530275","0.27156248688697815","0.3721874952316284"
"11","0.3945749938488007","0.3842499852180481","0.4038124978542328","0.37422499656677244","0.3607499897480011","0.3895624876022339","0.08720000088214874","0.06956250220537186","0.10856249928474426","0.42613749504089354","0.4034999907016754","0.44749999046325684","0.028449999913573266","0.018562499433755875","0.039374999701976776","0.34990000128746035","0.3411250114440918","0.3634375035762787"
"12","0.4109750032424927","0.3929375112056732","0.42356249690055847","0.3449375033378601","0.3088749945163727","0.38231250643730164","0.085487499833107","0.06499999761581421","0.10262499749660492","0.41130000352859497","0.3999375104904175","0.42800000309944153","0.031949999555945394","0.0260624997317791","0.04143749922513962","0.3564999997615814","0.3490000069141388","0.3739374876022339"
"13","0.41298750042915344","0.4032500088214874","0.4233124852180481","0.3924500048160553","0.3641875088214874","0.43174999952316284","0.09809999912977219","0.06881249696016312","0.11893749982118607","0.42291249632835387","0.39774999022483826","0.4633750021457672","0.033112500607967374","0.02500000037252903","0.042249999940395355","0.34510000348091124","0.31312501430511475","0.3864375054836273"
"14","0.4314625024795532","0.4099375009536743","0.4645625054836273","0.38157500624656676","0.3580625057220459","0.4036875069141388","0.10057500004768372","0.09456250071525574","0.10531249642372131","0.4320749998092651","0.40525001287460327","0.44587498903274536","0.038100000470876694","0.026000000536441803","0.04912500083446503","0.372712504863739","0.33668750524520874","0.38893750309944153"
"15","0.44122499227523804","0.4215624928474426","0.46187499165534973","0.3891250014305115","0.343625009059906","0.43306249380111694","0.11603749990463257","0.10649999976158142","0.12675000727176666","0.44984999895095823","0.42931249737739563","0.4606249928474426","0.03658750057220459","0.027312500402331352","0.04618750140070915","0.3859375","0.35343751311302185","0.4169375002384186"
"16","0.437799996137619","0.42524999380111694","0.45406249165534973","0.404150003194809","0.3674375116825104","0.43556249141693115","0.11137499958276749","0.09656249731779099","0.12224999815225601","0.4238749980926514","0.4035624861717224","0.4621250033378601","0.037274999916553496","0.03150000050663948","0.04600000008940697","0.384612500667572","0.33643749356269836","0.40712499618530273"
"17","0.4496999979019165","0.3955624997615814","0.4675624966621399","0.39976249933242797","0.3804999887943268","0.4256249964237213","0.12853749990463256","0.11231250315904617","0.14412499964237213","0.42146250009536745","0.38100001215934753","0.4651874899864197","0.040437500551342966","0.028750000521540642","0.06212500110268593","0.3977500021457672","0.35993748903274536","0.43162500858306885"
"18","0.4567749917507172","0.43562498688697815","0.4730624854564667","0.37890000343322755","0.3372499942779541","0.41062501072883606","0.1332375019788742","0.1223125010728836","0.14556249976158142","0.44603750109672546","0.421812504529953","0.47093749046325684","0.03533749990165234","0.02187499962747097","0.04843749850988388","0.4000125050544739","0.37700000405311584","0.43674999475479126"
"19","0.4625250041484833","0.4361875057220459","0.4860000014305115","0.39252500534057616","0.3399375081062317","0.43700000643730164","0.1397374987602234","0.12831249833106995","0.1538124978542328","0.44328749775886533","0.4014374911785126","0.47831249237060547","0.04189999960362911","0.025062499567866325","0.05225000157952309","0.40481250286102294","0.37156251072883606","0.4296875"
"20","0.47709999680519105","0.46556249260902405","0.49300000071525574","0.36524999141693115","0.328249990940094","0.4129374921321869","0.1376124992966652","0.11249999701976776","0.16725000739097595","0.4402750015258789","0.40587499737739563","0.47312501072883606","0.044449999928474426","0.030937500298023224","0.06406249850988388","0.4111250042915344","0.398312509059906","0.421750009059906"
"21","0.46503750085830686","0.4506250023841858","0.49037501215934753","0.4175749957561493","0.40043750405311584","0.42774999141693115","0.16712500154972076","0.16237500309944153","0.17243750393390656","0.1822750002145767","0.15512500703334808","0.20643749833106995","0.05636249929666519","0.039374999701976776","0.07693749666213989","0.40012499690055847","0.3890624940395355","0.4092499911785126"
"22","0.484312504529953","0.4636875092983246","0.5047500133514404","0.40801250338554385","0.3790625035762787","0.445187509059906","0.15396249890327454","0.1341875046491623","0.1639374941587448","0.2073749989271164","0.1756875067949295","0.23649999499320984","0.05042499974370003","0.04062499850988388","0.07006250321865082","0.4096875011920929","0.3777500092983246","0.4337500035762787"
"23","0.47106250524520876","0.44699999690055847","0.4951249957084656","0.40241249203681945","0.3799999952316284","0.414249986410141","0.17012500166893005","0.1549375057220459","0.18125000596046448","0.25050000548362733","0.23231250047683716","0.27956250309944153","0.05768749937415123","0.034312501549720764","0.07800000160932541","0.4097624957561493","0.37718749046325684","0.43006250262260437"
"24","0.4944249987602234","0.46418750286102295","0.5210000276565552","0.4104625046253204","0.3578124940395355","0.45631250739097595","0.17832500040531157","0.15649999678134918","0.19562500715255737","0.2606250077486038","0.24693749845027924","0.28200000524520874","0.05157500058412552","0.038750000298023224","0.05831250175833702","0.4267124950885773","0.39387500286102295","0.4638749957084656"
"25","0.4853125035762787","0.4740000069141388","0.5016250014305115","0.4466749966144562","0.4049375057220459","0.4972499907016754","0.16299999952316285","0.1548124998807907","0.17743749916553497","0.2604625016450882","0.23368750512599945","0.29131248593330383","0.057612499594688414","0.037812501192092896","0.078125","0.41318750381469727","0.390562504529953","0.44306251406669617"
"26","0.4923875093460083","0.4792500138282776","0.5210000276565552","0.4114124894142151","0.3723124861717224","0.4359999895095825","0.17871249914169313","0.16599999368190765","0.20024999976158142","0.28114999532699586","0.2567499876022339","0.2965624928474426","0.0640625","0.04650000110268593","0.08749999850988388","0.42167500257492063","0.36768749356269836","0.4699375033378601"
"27","0.5075124979019165","0.49418750405311584","0.5329375267028809","0.4402499973773956","0.4128125011920929","0.46181249618530273","0.18665000200271606","0.17918750643730164","0.19187499582767487","0.30101250410079955","0.2773750126361847","0.33543750643730164","0.06286249980330468","0.037687499076128006","0.08243750035762787","0.4295250058174133","0.3945625126361847","0.4493125081062317"
"28","0.49829999804496766","0.48518750071525574","0.508187472820282","0.45487499237060547","0.4221875071525574","0.47343748807907104","0.18568750023841857","0.15000000596046448","0.2056874930858612","0.27964999675750735","0.2643750011920929","0.29493749141693115","0.07601250112056732","0.03824999928474426","0.09525000303983688","0.4282374978065491","0.40543749928474426","0.453312486410141"
"29","0.5078000068664551","0.4945625066757202","0.531000018119812","0.45450000166893006","0.4267500042915344","0.4674375057220459","0.19199999868869783","0.17475000023841858","0.20656250417232513","0.2988749921321869","0.2548125088214874","0.32912498712539673","0.0642000012099743","0.04181250184774399","0.09600000083446503","0.4384874999523163","0.4138124883174896","0.4714375138282776"
"30","0.5062374949455262","0.47437500953674316","0.5257499814033508","0.431974995136261","0.3879374861717224","0.46050000190734863","0.19523749649524688","0.18568749725818634","0.20399999618530273","0.2883125007152557","0.2543124854564667","0.3230000138282776","0.07036250084638596","0.04093749821186066","0.09181249886751175","0.44877499938011167","0.43543750047683716","0.4593749940395355"
"31","0.5106250047683716","0.4801250100135803","0.5447499752044678","0.44014999866485593","0.39943748712539673","0.46531251072883606","0.20032500326633454","0.17387500405311584","0.22162500023841858","0.2930500090122223","0.23881250619888306","0.3485625088214874","0.06996249929070472","0.056062500923871994","0.08106250315904617","0.4247499942779541","0.4115000069141388","0.4515624940395355"
"32","0.5073375105857849","0.5006250143051147","0.5179374814033508","0.4687375009059906","0.44581249356269836","0.49137499928474426","0.2134750008583069","0.19093750417232513","0.22956250607967377","0.31074999570846557","0.27293750643730164","0.34843748807907104","0.06553749963641167","0.05400000140070915","0.07381249964237213","0.4416499972343445","0.42012500762939453","0.4781250059604645"
"33","0.528362512588501","0.5148125290870667","0.5451250076293945","0.468025004863739","0.4360625147819519","0.4906249940395355","0.20916249752044677","0.18462499976158142","0.22287499904632568","0.3001749932765961","0.27268749475479126","0.3334999978542328","0.08180000036954879","0.07050000131130219","0.09549999982118607","0.44006250500679017","0.4110625088214874","0.46018749475479126"
"34","0.5241500020027161","0.504812479019165","0.5525624752044678","0.4827750027179718","0.4423750042915344","0.5133749842643738","0.21948750019073487","0.19331249594688416","0.23243750631809235","0.31231250166893004","0.3008750081062317","0.3257499933242798","0.07393750101327896","0.05531249940395355","0.10006249696016312","0.43603749871253966","0.41743749380111694","0.44712498784065247"
"35","0.524762487411499","0.5143125057220459","0.5376874804496765","0.4502499997615814","0.3774375021457672","0.5163750052452087","0.21888750195503234","0.20731249451637268","0.2238125056028366","0.31301249861717223","0.30274999141693115","0.3228124976158142","0.07557500153779984","0.045249998569488525","0.08693750202655792","0.4416249990463257","0.42750000953674316","0.45518749952316284"
"36","0.5158249974250794","0.4970625042915344","0.5422499775886536","0.47488750219345094","0.42631250619888306","0.5038750171661377","0.2165125012397766","0.20212499797344208","0.2290000021457672","0.30964999794960024","0.257937490940094","0.3343124985694885","0.08339999988675117","0.05687500163912773","0.10787499696016312","0.4526874959468842","0.4359999895095825","0.47443750500679016"
"37","0.5130250036716462","0.4956875145435333","0.5361875295639038","0.49116250276565554","0.4386250078678131","0.5488125085830688","0.22618750035762786","0.21593749523162842","0.2396250069141388","0.3471625030040741","0.2925625145435333","0.3706875145435333","0.0848750002682209","0.05781250074505806","0.11906249821186066","0.45677500367164614","0.39156249165534973","0.49418750405311584"
"38","0.52535001039505","0.5136874914169312","0.5367500185966492","0.48762500286102295","0.4675624966621399","0.5158125162124634","0.22319999933242798","0.20881250500679016","0.2395624965429306","0.3387749969959259","0.3268750011920929","0.3540624976158142","0.08006249815225601","0.059812501072883606","0.11312499642372131","0.45822499990463256","0.4334374964237213","0.48399999737739563"
"39","0.5198624968528748","0.5074999928474426","0.5256875157356262","0.4921124935150146","0.4296875","0.5269374847412109","0.2321624994277954","0.22243750095367432","0.2421875","0.328962504863739","0.2848125100135803","0.3643749952316284","0.08091249912977219","0.03568749874830246","0.1015625","0.46512500047683714","0.43849998712539673","0.48537498712539673"
"40","0.5193625092506409","0.5010625123977661","0.538812518119812","0.48277500867843626","0.4534375071525574","0.5171250104904175","0.23722499907016753","0.22837500274181366","0.2511875033378601","0.35397499799728394","0.335999995470047","0.3804374933242798","0.08362500071525573","0.059812501072883606","0.10537499934434891","0.4699125051498413","0.4543749988079071","0.4869374930858612"
"41","0.5175374984741211","0.5006250143051147","0.5391250252723694","0.49832499623298643","0.45643749833106995","0.5307499766349792","0.23982499539852142","0.22968749701976776","0.25174999237060547","0.3479875087738037","0.3374375104904175","0.3633125126361847","0.09153750091791153","0.06887499988079071","0.1001875028014183","0.4506375014781952","0.4258125126361847","0.4891875088214874"
"42","0.5259999990463257","0.5065624713897705","0.5607500076293945","0.5061500012874603","0.49274998903274536","0.5224999785423279","0.23224999904632568","0.218812495470047","0.25868749618530273","0.35537499785423277","0.33131250739097595","0.3736250102519989","0.08745000064373017","0.07368750125169754","0.10387499630451202","0.47048749327659606","0.4516249895095825","0.4935624897480011"
"43","0.5244249939918518","0.5128124952316284","0.539187490940094","0.5157624900341033","0.4807499945163727","0.546875","0.24383749961853027","0.22875000536441803","0.2591874897480011","0.3348375022411346","0.3148125112056732","0.3531250059604645","0.09201249927282333","0.07731249928474426","0.10724999755620956","0.4735249996185303","0.45506250858306885","0.49393749237060547"
"44","0.5339624881744385","0.5129374861717224","0.559499979019165","0.5196375012397766","0.4751250147819519","0.573312520980835","0.24478750228881835","0.23806250095367432","0.26237499713897705","0.35761249661445615","0.312312513589859","0.3918749988079071","0.0918874979019165","0.08043749630451202","0.09881249815225601","0.47918749451637266","0.4569999873638153","0.49662500619888306"
"45","0.5362124919891358","0.5206249952316284","0.5558124780654907","0.5309875011444092","0.5129374861717224","0.5628125071525574","0.24588750004768373","0.22837500274181366","0.25343748927116394","0.341525000333786","0.26381251215934753","0.3841874897480011","0.08651249930262565","0.05937499925494194","0.09974999725818634","0.4827124893665314","0.45881250500679016","0.5059999823570251"
"46","0.5315999984741211","0.5120624899864197","0.5598124861717224","0.5277125000953674","0.5126875042915344","0.5396875143051147","0.25391249656677245","0.24806250631809235","0.2604374885559082","0.35625000596046447","0.31312501430511475","0.3933750092983246","0.09060000032186508","0.07468750327825546","0.10756249725818634","0.4803875029087067","0.4567500054836273","0.5166249871253967"
"47","0.5333625078201294","0.5183125138282776","0.5448125004768372","0.5276124954223633","0.5133749842643738","0.538937509059906","0.25426250100135805","0.2511875033378601","0.2574999928474426","0.3485874950885773","0.32774999737739563","0.3815625011920929","0.09091250002384185","0.0729999989271164","0.10506249964237213","0.48662500381469725","0.4751250147819519","0.49943751096725464"
"48","0.5357125043869019","0.5241875052452087","0.5568749904632568","0.5474625110626221","0.5276250243186951","0.5638124942779541","0.2603499948978424","0.24762499332427979","0.2764374911785126","0.36521250009536743","0.3293125033378601","0.4235000014305115","0.08709999918937683","0.05324999988079071","0.10537499934434891","0.473500007390976","0.4702500104904175","0.4778749942779541"
"49","0.5400374889373779","0.5194374918937683","0.5541250109672546","0.5274749875068665","0.46031248569488525","0.5797500014305115","0.26200000047683714","0.249937504529953","0.27250000834465027","0.3752500057220459","0.36662501096725464","0.38756251335144043","0.09366250038146973","0.06812500208616257","0.10631249845027924","0.49207499623298645","0.47437500953674316","0.5159375071525574"
"50","0.5327250003814697","0.5220000147819519","0.5518749952316284","0.5319624960422515","0.476437509059906","0.5801874995231628","0.2612625002861023","0.2524375021457672","0.27149999141693115","0.36361250281333923","0.3228749930858612","0.382687509059906","0.09156250059604645","0.07325000315904617","0.1107499971985817","0.5073874890804291","0.4934374988079071","0.5385624766349792"
"51","0.5328000068664551","0.5105000138282776","0.5591874718666077","0.5590375065803528","0.5421249866485596","0.5891249775886536","0.2573500007390976","0.24693749845027924","0.273375004529953","0.378725004196167","0.35081249475479126","0.3918125033378601","0.09873749911785126","0.0611874982714653","0.12587499618530273","0.49852500557899476","0.4648124873638153","0.5588750243186951"
"52","0.5428874969482422","0.5240625143051147","0.5681874752044678","0.5632375001907348","0.5207499861717224","0.6029375195503235","0.25868749916553496","0.23631249368190765","0.2669374942779541","0.3552250027656555","0.31949999928474426","0.38318750262260437","0.0929874986410141","0.08318749815225601","0.11287499964237213","0.5027124941349029","0.48487499356269836","0.5135625004768372"
"53","0.5497249960899353","0.5400000214576721","0.5598124861717224","0.5613624930381775","0.5424374938011169","0.5753750205039978","0.2594875007867813","0.24774999916553497","0.26768749952316284","0.36794999837875364","0.3491249978542328","0.3947499990463257","0.09251249879598618","0.07537499815225601","0.10849999636411667","0.48951250314712524","0.4819999933242798","0.5016875267028809"
"54","0.5460250020027161","0.5363125205039978","0.5581250190734863","0.5626625001430512","0.48887500166893005","0.6015625","0.26058749556541444","0.24631249904632568","0.2748124897480011","0.3793000042438507","0.3634375035762787","0.4116249978542328","0.10944999903440475","0.07412499934434891","0.1470624953508377","0.5064375042915344","0.4860000014305115","0.5205000042915344"
"55","0.5447749972343445","0.5164999961853027","0.5786874890327454","0.5757375001907349","0.562125027179718","0.5940625071525574","0.2629250049591064","0.25437501072883606","0.28575000166893005","0.3750874996185303","0.3490625023841858","0.3973749876022339","0.10672500133514404","0.07143750041723251","0.13875000178813934","0.49717499017715455","0.4716874957084656","0.5450624823570251"
"56","0.5547749996185303","0.5412499904632568","0.5717499852180481","0.5802125096321106","0.5528749823570251","0.6029375195503235","0.2664874970912933","0.25200000405311584","0.27512499690055847","0.3809125006198883","0.36543750762939453","0.41206249594688416","0.09080000072717667","0.06337500363588333","0.11037500202655792","0.49867500066757203","0.46149998903274536","0.5479375123977661"
"57","0.549162495136261","0.5378749966621399","0.5601875185966492","0.5823750019073486","0.5723749995231628","0.5950000286102295","0.27277499437332153","0.24793750047683716","0.2841874957084656","0.3735499978065491","0.34718748927116394","0.4022499918937683","0.11116249859333038","0.07768750190734863","0.1509999930858612","0.49611249566078186","0.4906874895095825","0.5035625100135803"
"58","0.5411124944686889","0.5291249752044678","0.5615000128746033","0.5951749920845032","0.5605624914169312","0.6223750114440918","0.2717124938964844","0.26481249928474426","0.28343749046325684","0.38332499861717223","0.36675000190734863","0.3918125033378601","0.10158750116825103","0.06987500190734863","0.1446875035762787","0.5110999882221222","0.49443748593330383","0.5364999771118164"
"59","0.5389500021934509","0.5277500152587891","0.5565624833106995","0.5761625170707703","0.5205625295639038","0.6103125214576721","0.2781125009059906","0.27006250619888306","0.28218749165534973","0.38413749933242797","0.35593751072883606","0.4035624861717224","0.10389999896287919","0.08037500083446503","0.12412499636411667","0.5098875045776368","0.4932500123977661","0.5303750038146973"
"60","0.5453125","0.5377500057220459","0.5582500100135803","0.5811625003814698","0.5404375195503235","0.6044374704360962","0.27917500138282775","0.2709375023841858","0.28824999928474426","0.3853250026702881","0.36506250500679016","0.4103749990463257","0.10237500071525574","0.08006250113248825","0.13606250286102295","0.5235249996185303","0.5083125233650208","0.5376874804496765"
"61","0.5576750040054321","0.5366250276565552","0.5830000042915344","0.6084874987602233","0.5876874923706055","0.625124990940094","0.2773124992847443","0.26124998927116394","0.289124995470047","0.395487505197525","0.367374986410141","0.4350000023841858","0.10004999935626983","0.08562500029802322","0.12274999916553497","0.4995999991893768","0.46956250071525574","0.5248749852180481"
"62","0.5487625002861023","0.5249999761581421","0.5651249885559082","0.5896999955177307","0.5380625128746033","0.6145625114440918","0.27162500023841857","0.2627499997615814","0.28581249713897705","0.37725000381469725","0.36162498593330383","0.4073125123977661","0.10300000011920929","0.0702499970793724","0.12656250596046448","0.5289125084877014","0.5001875162124634","0.5410000085830688"
"63","0.5515750050544739","0.5400000214576721","0.5679374933242798","0.6124249935150147","0.5898125171661377","0.6326249837875366","0.27644999623298644","0.2630625069141388","0.29487499594688416","0.38704999089241027","0.359562486410141","0.4179374873638153","0.11681250184774399","0.08150000125169754","0.1354999989271164","0.5191124975681305","0.48256251215934753","0.5385624766349792"
"64","0.5549499988555908","0.5209375023841858","0.5834375023841858","0.6164624929428101","0.6119999885559082","0.6203749775886536","0.28410000205039976","0.26606249809265137","0.2914375066757202","0.3890125036239624","0.3178125023841858","0.4363124966621399","0.10976249873638153","0.09224999696016312","0.12293750047683716","0.5288000106811523","0.5189375281333923","0.5473750233650208"
"65","0.5539250016212464","0.543624997138977","0.5640624761581421","0.6261000156402587","0.6000000238418579","0.6464375257492065","0.2770749986171722","0.26493749022483826","0.2905625104904175","0.39722499847412107","0.3475624918937683","0.4326874911785126","0.1220875009894371","0.09437499940395355","0.1625625044107437","0.5205875039100647","0.4714375138282776","0.5529999732971191"
"66","0.5589125156402588","0.531000018119812","0.5740625262260437","0.6176125168800354","0.5951250195503235","0.6321250200271606","0.2809999942779541","0.2784374952316284","0.28337499499320984","0.40663749575614927","0.3813124895095825","0.4243749976158142","0.11221249848604202","0.0885000005364418","0.1419374942779541","0.5421375036239624","0.5070624947547913","0.5556874871253967"
"67","0.5651875019073487","0.5571874976158142","0.5855000019073486","0.6177749991416931","0.5924375057220459","0.6438124775886536","0.28993749618530273","0.27687498927116394","0.2957499921321869","0.403125","0.36800000071525574","0.4267500042915344","0.1012374997138977","0.08137500286102295","0.12049999833106995","0.5297250032424927","0.4996874928474426","0.5626875162124634"
"68","0.5601499915122986","0.5453749895095825","0.5754374861717224","0.615149998664856","0.6060000061988831","0.6334375143051147","0.29086249470710757","0.28025001287460327","0.2953124940395355","0.4078375041484833","0.3958125114440918","0.42274999618530273","0.10584999918937683","0.0780624970793724","0.12662500143051147","0.533662486076355","0.4911249876022339","0.5605624914169312"
"69","0.559262502193451","0.5523750185966492","0.5651249885559082","0.6178875088691711","0.5985000133514404","0.6363750100135803","0.28092500269412995","0.23131249845027924","0.29881250858306885","0.4138749957084656","0.40018749237060547","0.4243749976158142","0.11147499978542327","0.09156250208616257","0.1456875056028366","0.5410374999046326","0.5208125114440918","0.5632500052452087"
"70","0.5637874960899353","0.5455625057220459","0.5956249833106995","0.6176124930381774","0.5814999938011169","0.6547499895095825","0.2896125018596649","0.26362499594688416","0.3062500059604645","0.40581250190734863","0.3786875009536743","0.42918750643730164","0.11882499903440476","0.09756249934434891","0.13893750309944153","0.5436750054359436","0.5239999890327454","0.5600625276565552"
"71","0.5615249991416931","0.5285624861717224","0.5848125219345093","0.6325125098228455","0.5914999842643738","0.6645625233650208","0.2906749963760376","0.2784999907016754","0.3023749887943268","0.4014125049114227","0.3646875023841858","0.42225000262260437","0.11169999837875366","0.0911874994635582","0.132874995470047","0.5406124949455261","0.5283125042915344","0.5673750042915344"
"72","0.5638625025749207","0.547124981880188","0.5897499918937683","0.6273750066757202","0.590749979019165","0.6576250195503235","0.285875004529953","0.26887500286102295","0.3058125078678131","0.4050249993801117","0.3903124928474426","0.42149999737739563","0.11465000063180923","0.08937499672174454","0.13487499952316284","0.555412495136261","0.5476874709129333","0.5619999766349792"
"73","0.560937511920929","0.5407500267028809","0.6001250147819519","0.6417624950408936","0.6278749704360962","0.6533125042915344","0.29999999403953553","0.29124999046325684","0.3084999918937683","0.41200000047683716","0.39006251096725464","0.4350000023841858","0.11347499787807465","0.08031249791383743","0.1341249942779541","0.5488374948501586","0.5235000252723694","0.5686874985694885"
"74","0.5633249998092651","0.5411249995231628","0.5801874995231628","0.6407624959945679","0.6203749775886536","0.6589375138282776","0.29248749613761904","0.27518749237060547","0.3139374852180481","0.4080875039100647","0.38593751192092896","0.4410625100135803","0.12362499982118606","0.09312500059604645","0.1497499942779541","0.5568874955177308","0.5273749828338623","0.5839999914169312"
"75","0.5633749961853027","0.5488125085830688","0.5854374766349792","0.6491500020027161","0.632437527179718","0.6651250123977661","0.29966250658035276","0.29218751192092896","0.3095000088214874","0.39954999685287473","0.3476249873638153","0.4165624976158142","0.10626250058412552","0.08950000256299973","0.1249374970793724","0.5569125056266785","0.5388749837875366","0.5659375190734863"
"76","0.5629500031471253","0.5371875166893005","0.5918750166893005","0.650237500667572","0.6136249899864197","0.6752499938011169","0.29857500195503234","0.2876875102519989","0.3127500116825104","0.415625","0.39512500166893005","0.43287500739097595","0.11762499660253525","0.09574999660253525","0.13043749332427979","0.5500999927520752","0.5274375081062317","0.5858749747276306"
"77","0.5692000150680542","0.5485000014305115","0.5988125205039978","0.6653625011444092","0.6477500200271606","0.6769999861717224","0.2995750069618225","0.2876250147819519","0.31025001406669617","0.42228749990463255","0.3947499990463257","0.43950000405311584","0.1248750001192093","0.1054375022649765","0.14631250500679016","0.5616250038146973","0.542187511920929","0.5804374814033508"
"78","0.5676750063896179","0.5425000190734863","0.593999981880188","0.6478749871253967","0.617062509059906","0.6724374890327454","0.3071500062942505","0.3021250069141388","0.3098750114440918","0.40911250114440917","0.39018750190734863","0.45262500643730164","0.11861249804496765","0.09443750232458115","0.1287499964237213","0.5475375056266785","0.4985625147819519","0.5824375152587891"
"79","0.5638749837875366","0.5431249737739563","0.5769374966621399","0.659737491607666","0.640749990940094","0.6767500042915344","0.3112874925136566","0.3031249940395355","0.32337498664855957","0.42611250281333923","0.3798125088214874","0.46568751335144043","0.11601250022649764","0.08768749982118607","0.1378750056028366","0.555887496471405","0.5291249752044678","0.5898125171661377"
"80","0.5733875036239624","0.5546875","0.5868124961853027","0.6682000160217285","0.6539375185966492","0.6922500133514404","0.2997125029563904","0.289000004529953","0.3082500100135803","0.4090874969959259","0.3877499997615814","0.42649999260902405","0.11738750189542771","0.08531250059604645","0.15912500023841858","0.5592750072479248","0.523187518119812","0.5761250257492065"
"81","0.5705874919891357","0.5562499761581421","0.5853124856948853","0.7356874942779541","0.7253749966621399","0.7474374771118164","0.31644999980926514","0.3138124942779541","0.3190625011920929","0.46482500433921814","0.4567500054836273","0.47193750739097595","0.15517499744892121","0.13750000298023224","0.1680624932050705","0.6273499846458435","0.612625002861023","0.6430624723434448"
"82","0.5701375007629395","0.5566250085830688","0.5802500247955322","0.7372250080108642","0.7314375042915344","0.7443125247955322","0.3141999959945679","0.312437504529953","0.31718748807907104","0.46668750047683716","0.4571875035762787","0.484187513589859","0.15742500126361847","0.1407500058412552","0.17624999582767487","0.6358500003814698","0.6224374771118164","0.6508749723434448"
"83","0.5714249968528747","0.5554999709129333","0.5897499918937683","0.7453625082969666","0.7405624985694885","0.7523124814033508","0.3149749994277954","0.3108749985694885","0.31812500953674316","0.47140000462532045","0.46012499928474426","0.47843751311302185","0.14942499995231628","0.13312500715255737","0.1758124977350235","0.6394500017166138","0.6273124814033508","0.659375011920929"
"84","0.5750749826431274","0.5612499713897705","0.5871875286102295","0.7494875073432923","0.7433124780654907","0.7518125176429749","0.3151750028133392","0.31318750977516174","0.3173125088214874","0.4691124975681305","0.453062504529953","0.4779999852180481","0.15750000178813933","0.12818750739097595","0.1704374998807907","0.6388500094413757","0.6260625123977661","0.6541875004768372"
"85","0.574874997138977","0.5631874799728394","0.5871875286102295","0.7515749931335449","0.739187479019165","0.7698749899864197","0.31457499861717225","0.31181249022483826","0.31725001335144043","0.4735374987125397","0.46543750166893005","0.4858124852180481","0.15644999742507934","0.1274999976158142","0.17131249606609344","0.6412499904632568","0.6288124918937683","0.6554999947547913"
"86","0.5804125070571899","0.562874972820282","0.5923125147819519","0.7550624966621399","0.7456874847412109","0.7643749713897705","0.3170249998569489","0.312624990940094","0.3190625011920929","0.4742749989032745","0.46837499737739563","0.4813750088214874","0.16188749969005584","0.1366875022649765","0.18275000154972076","0.6479249954223633","0.6361874938011169","0.6699374914169312"
"87","0.578249990940094","0.5664374828338623","0.5895624756813049","0.7594624996185303","0.7534999847412109","0.7666249871253967","0.31735000014305115","0.31581249833106995","0.3192499876022339","0.47726250290870664","0.46537500619888306","0.48618748784065247","0.1574124962091446","0.14687499403953552","0.16637499630451202","0.6492875099182129","0.6350625157356262","0.6700000166893005"
"88","0.5767125010490417","0.5678125023841858","0.5893750190734863","0.7628749966621399","0.7554374933242798","0.7671250104904175","0.31678749322891236","0.31181249022483826","0.31968748569488525","0.47578750252723695","0.4556249976158142","0.5003125071525574","0.1606000006198883","0.14137500524520874","0.17937499284744263","0.6509750008583068","0.6396250128746033","0.6661249995231628"
"89","0.5812999844551087","0.5755624771118164","0.5884374976158142","0.7657874941825866","0.7612500190734863","0.7722499966621399","0.31732500791549684","0.3140000104904175","0.3218750059604645","0.4749249994754791","0.4557499885559082","0.48993751406669617","0.16766249835491182","0.1341249942779541","0.19218750298023224","0.6520624995231629","0.6389374732971191","0.6663749814033508"
"90","0.5796750068664551","0.5656874775886536","0.5886250138282776","0.7659999966621399","0.7599999904632568","0.7705000042915344","0.31798750162124634","0.31468749046325684","0.3214375078678131","0.4775125026702881","0.4711250066757202","0.49043750762939453","0.166075000166893","0.1536875069141388","0.17293749749660492","0.6550374984741211","0.6356874704360962","0.6735625267028809"
"91","0.5832375049591064","0.5673750042915344","0.5931875109672546","0.7680500149726868","0.7587500214576721","0.7769374847412109","0.31751249432563783","0.31462499499320984","0.32068750262260437","0.47729999423027036","0.46549999713897705","0.48743748664855957","0.1690874993801117","0.1328125","0.1821250021457672","0.6562999963760376","0.6415625214576721","0.6738749742507935"
"92","0.5804375171661377","0.5674375295639038","0.5935624837875366","0.7725999832153321","0.7664374709129333","0.7774375081062317","0.3184000015258789","0.31443750858306885","0.32206249237060547","0.47105000019073484","0.46181249618530273","0.476437509059906","0.16847499907016755","0.14949999749660492","0.1850624978542328","0.6577000021934509","0.6441875100135803","0.6738125085830688"
"93","0.5835875034332275","0.5738750100135803","0.5912500023841858","0.772962498664856","0.7651875019073486","0.7817500233650208","0.31769999861717224","0.31206250190734863","0.3215624988079071","0.4784125030040741","0.4663749933242798","0.4891875088214874","0.16887499988079072","0.14631250500679016","0.1875","0.6558125138282775","0.6456875205039978","0.6801249980926514"
"94","0.5834374904632569","0.5743749737739563","0.5948749780654907","0.7710500001907349","0.7603124976158142","0.7800624966621399","0.32013750076293945","0.3165000081062317","0.3232499957084656","0.4778625011444092","0.4636250138282776","0.4892500042915344","0.1628250002861023","0.14762499928474426","0.17556250095367432","0.6609625101089478","0.6520624756813049","0.6751875281333923"
"95","0.5823999881744385","0.5669999718666077","0.5946249961853027","0.7799125075340271","0.773312509059906","0.7864999771118164","0.3209375023841858","0.31806251406669617","0.3233124911785126","0.4796375036239624","0.46418750286102295","0.4958750009536743","0.1637750029563904","0.1535625010728836","0.18062500655651093","0.6637874841690063","0.6478124856948853","0.6804999709129333"
"96","0.5815874934196472","0.5709999799728394","0.5935624837875366","0.7741625070571899","0.7671250104904175","0.7835624814033508","0.319412499666214","0.3162499964237213","0.3243125081062317","0.48216249942779543","0.4650000035762787","0.48912501335144043","0.16608750224113464","0.14631250500679016","0.18593749403953552","0.6639999985694885","0.6481249928474426","0.682687520980835"
"97","0.5821875095367431","0.570062518119812","0.5942500233650208","0.7801625013351441","0.7696250081062317","0.793624997138977","0.31926249861717226","0.31718748807907104","0.32231250405311584","0.4820500075817108","0.4661875069141388","0.4933125078678131","0.16944999992847443","0.14606249332427979","0.1965000033378601","0.6649750113487244","0.6576250195503235","0.6725000143051147"
"98","0.5840124964714051","0.5709999799728394","0.5926250219345093","0.7801499962806702","0.7749375104904175","0.7915624976158142","0.3196125030517578","0.3136875033378601","0.32506251335144043","0.48938749432563783","0.4801875054836273","0.5064374804496765","0.1703249990940094","0.1381250023841858","0.18862499296665192","0.6659749984741211","0.6524999737739563","0.6792500019073486"
"99","0.5875250101089478","0.573562502861023","0.5983750224113464","0.7853749990463257","0.78125","0.7890625","0.32172499895095824","0.3188124895095825","0.3238125145435333","0.48422500491142273","0.47468748688697815","0.49906250834465027","0.16693750023841858","0.13850000500679016","0.1902499943971634","0.6704124927520752","0.6539375185966492","0.6808124780654907"