"Step","Grouped runs (OpenMatch) - Selected ratio of i.d over conf 0.95","Grouped runs (OpenMatch) - Selected ratio of i.d over conf 0.95__MIN","Grouped runs (OpenMatch) - Selected ratio of i.d over conf 0.95__MAX","Grouped runs (FixMatch) - Selected ratio of i.d over conf 0.95","Grouped runs (FixMatch) - Selected ratio of i.d over conf 0.95__MIN","Grouped runs (FixMatch) - Selected ratio of i.d over conf 0.95__MAX","Grouped runs (MTC) - Selected ratio of i.d over conf 0.95","Grouped runs (MTC) - Selected ratio of i.d over conf 0.95__MIN","Grouped runs (MTC) - Selected ratio of i.d over conf 0.95__MAX","Grouped runs (IOMatch) - Selected ratio of i.d over conf 0.95","Grouped runs (IOMatch) - Selected ratio of i.d over conf 0.95__MIN","Grouped runs (IOMatch) - Selected ratio of i.d over conf 0.95__MAX","Grouped runs (SafeStudent) - Selected ratio of i.d over conf 0.95","Grouped runs (SafeStudent) - Selected ratio of i.d over conf 0.95__MIN","Grouped runs (SafeStudent) - Selected ratio of i.d over conf 0.95__MAX","Grouped runs (CaliMatch) - Selected ratio of i.d over conf 0.95","Grouped runs (CaliMatch) - Selected ratio of i.d over conf 0.95__MIN","Grouped runs (CaliMatch) - Selected ratio of i.d over conf 0.95__MAX"
"0","","","","0.5399599969387054","0.13928481936454773","0.9841210246086121","0.025100024402490817","0.0005001250538043678","0.0961490347981453","0.02900725104700541","0.0002500625269021839","0.0666416585445404","0.5384095996618271","0.13590897619724274","0.9844961166381836","","",""
"1","0.7323580861091614","0.6585396528244019","0.8183295726776123","0.7263815999031067","0.6216554045677185","0.8045761585235596","0.38597150444984435","0.25568893551826477","0.5552638173103333","0.7733683586120605","0.6999250054359436","0.8363341093063354","0.8482620716094971","0.6705426573753357","0.9242310523986816","0.7450612584749857","0.5540134906768799","0.9631157517433167"
"2","0.7318579673767089","0.7133033275604248","0.759939968585968","0.7886471748352051","0.7053013443946838","0.881095290184021","0.46839210391044617","0.3159539997577667","0.7888222336769104","0.8230807662010193","0.8000749945640564","0.8615903854370117","0.8499374985694885","0.7928231954574585","0.991998016834259","0.5120863616466522","0.4754938781261444","0.5483871102333069"
"3","0.7406851768493652","0.7219305038452148","0.7694423794746399","0.7891472816467285","0.7314328551292419","0.8894723653793335","0.4189047276973724","0.2800700068473816","0.7531883120536804","0.8619404792785644","0.8498374819755554","0.8785946369171143","0.8238809704780579","0.7858214378356934","0.8795949220657349","0.6449112296104431","0.5150037407875061","0.8033258318901062"
"4","0.8107777118682862","0.7034258842468262","0.9472368359565735","0.7895974040031433","0.7380595207214355","0.8682170510292053","0.3391347736120224","0.23868466913700104","0.5315078496932983","0.8737184286117554","0.850337564945221","0.8927232027053833","0.82635657787323","0.7901975512504578","0.8889722228050232","0.5599733193715414","0.45461365580558777","0.7564390897750854"
"5","0.7992998242378235","0.7788196802139282","0.8210802674293518","0.7990747690200806","0.7618154287338257","0.820080041885376","0.32615654170513153","0.23468367755413055","0.4328582286834717","0.876894223690033","0.8692172765731812","0.8837209343910217","0.8322330594062806","0.8023256063461304","0.8893473148345947","0.5681837101777395","0.41472867131233215","0.6676669120788574"
"6","0.8444610953330993","0.8309577107429504","0.8538384437561035","0.8174543738365173","0.7751938104629517","0.8559640049934387","0.33773443698883054","0.27031758427619934","0.38572144508361816","0.8818954706192017","0.869967520236969","0.8999750018119812","0.8326831698417664","0.814578652381897","0.8557139039039612","0.6274068554242452","0.5922730565071106","0.6530382633209229"
"7","0.8713928461074829","0.8537134528160095","0.8840960264205933","0.819229805469513","0.7994498610496521","0.8497124314308167","0.3516379058361053","0.18567141890525818","0.5050012469291687","0.8947236895561218","0.8809702396392822","0.9051012992858887","0.8311828017234802","0.8169542551040649","0.8508377075195312","0.6140285134315491","0.5810202360153198","0.6662915945053101"
"8","0.883045768737793","0.8738434314727783","0.8949737548828125","0.8542385697364807","0.8362090587615967","0.8792198300361633","0.46311578154563904","0.26356589794158936","0.7083020806312561","0.8993248343467712","0.8734683394432068","0.9158539772033691","0.8437609434127807","0.834333598613739","0.8543385863304138","0.6118613084157308","0.5628907084465027","0.6592898368835449"
"9","0.8862465500831604","0.8762190341949463","0.8952237963676453","0.8638909697532654","0.8462115526199341","0.8910977840423584","0.407126784324646","0.30745187401771545","0.5026256442070007","0.9082770824432373","0.8995999097824097","0.9236059188842773","0.8492123126983643","0.8384596109390259","0.8745936751365662","0.6203634341557821","0.5243811011314392","0.7118029594421387"
"10","0.8921480298042297","0.8728432059288025","0.9116029143333435","0.8831958055496216","0.8757189512252808","0.8965991735458374","0.2878469586372375","0.2239309847354889","0.34583646059036255","0.9038259625434876","0.8959739804267883","0.9153538346290588","0.8362340569496155","0.8180795311927795","0.8584645986557007","0.7604401111602783","0.7188047170639038","0.7960740327835083"
"11","0.8950737595558167","0.8808451890945435","0.9052262902259827","0.8727431774139405","0.8515878915786743","0.8882220387458801","0.19522380288690327","0.009627406485378742","0.5242560505867004","0.9120780229568481","0.9077269434928894","0.9177294373512268","0.8366841793060302","0.8310827612876892","0.8492122888565063","0.5947736899058024","0.5296323895454407","0.6969242095947266"
"12","0.904101026058197","0.8982245326042175","0.9127281904220581","0.8817704439163208","0.8587146997451782","0.8914728760719299","0.1898974736686796","0.003750937758013606","0.37634408473968506","0.916304075717926","0.9067266583442688","0.9253563284873962","0.8426356554031372","0.8270817995071411","0.8608402013778687","0.7427690227826437","0.7144286036491394","0.778944730758667"
"13","0.9054513573646545","0.8960990309715271","0.9091022610664368","0.8974743604660034","0.8853463530540466","0.9133533239364624","0.23998499661684036","0.047136783599853516","0.5702675580978394","0.9186296582221984","0.9029757380485535","0.9308577179908752","0.8504626274108886","0.8273318409919739","0.8987246751785278","0.7058847943941752","0.695673942565918","0.724306046962738"
"14","0.9093273401260376","0.9011002779006958","0.917479395866394","0.894173538684845","0.8689672350883484","0.9056013822555542","0.18797199726104735","0.02338084578514099","0.5967742204666138","0.9260565161705017","0.9118529558181763","0.9317329525947571","0.8419354796409607","0.7949487566947937","0.8870967626571655","0.7338918050130209","0.7061765193939209","0.770942747592926"
"15","0.9149287343025208","0.9086021780967712","0.9238559603691101","0.9102275490760803","0.9021005034446716","0.9159789681434631","0.20080020036548377","0.011377844028174877","0.4221055209636688","0.922455620765686","0.9148536920547485","0.9267317056655884","0.8544136047363281","0.8315829038619995","0.8680920004844666","0.7414770325024923","0.7138034701347351","0.7575643658638"
"16","0.9138284683227539","0.9079769849777222","0.917479395866394","0.9036509156227112","0.8742185831069946","0.9217304587364197","0.2743435874581337","0.03288321942090988","0.8672168254852295","0.9256064057350158","0.9153538346290588","0.934108555316925","0.8598399519920349","0.8414603471755981","0.8723430633544922","0.7571476101875305","0.7435609102249146","0.7838209271430969"
"17","0.9210802793502808","0.9134783744812012","0.9267317056655884","0.9195798993110657","0.9149787425994873","0.9292322993278503","0.09514878764748573","0.036634158343076706","0.21755439043045044","0.9299574851989746","0.9184796214103699","0.9419854879379272","0.8493623375892639","0.8349587321281433","0.8635908961296082","0.7168458501497904","0.6984245777130127","0.7366841435432434"
"18","0.9181795477867126","0.9099774956703186","0.9271067976951599","0.9210052490234375","0.9098524451255798","0.9331082701683044","0.06681670360267163","0.02150537632405758","0.09652413427829742","0.9314078450202942","0.923105776309967","0.9417354464530945","0.8656664252281189","0.85096275806427","0.8973493576049805","0.7395182251930237","0.6955488920211792","0.7786946892738342"
"19","0.9176544070243835","0.9048511981964111","0.9276068806648254","0.920205044746399","0.9116029143333435","0.9283570647239685","0.05761440470814705","0.034133534878492355","0.08289572596549988","0.9360590100288391","0.930232584476471","0.9436109066009521","0.8577894449234009","0.8347086906433105","0.8713428378105164","0.7427690227826437","0.7256814241409302","0.7585646510124207"
"20","0.9111778020858765","0.8692172765731812","0.927856981754303","0.9340335249900817","0.9221055507659912","0.9433608651161194","0.0655663900077343","0.020380094647407532","0.10090022534132004","0.9344336152076721","0.9274818897247314","0.9424856305122375","0.8636659145355224","0.8514628410339355","0.8794698715209961","0.7346836924552917","0.6775444149971008","0.7644411325454712"
"21","0.9246811747550965","0.9207301735877991","0.9297324419021606","0.928182053565979","0.9247311949729919","0.9364840984344482","0.032933232933282854","0.01450362615287304","0.0477619394659996","0.9326081514358521","0.9211052656173706","0.9404851198196411","0.5103776037693024","0.4676169157028198","0.618779718875885","0.7669417460759481","0.7596899271011353","0.781320333480835"
"22","0.9265316367149353","0.917479395866394","0.9338584542274475","0.9336333990097045","0.9261065125465393","0.9418604373931885","0.0638909712433815","0.040760189294815063","0.09739934653043747","0.9367841958999634","0.9284821152687073","0.9436109066009521","0.6485121250152588","0.6010252833366394","0.6947987079620361","0.7650245825449625","0.7465616464614868","0.8009502291679382"
"23","0.9285571455955506","0.9216054081916809","0.9359840154647827","0.9291822910308838","0.9257314205169678","0.9343585968017578","0.06129032298922539","0.031132783740758896","0.09114778786897659","0.9403100728988647","0.9261065125465393","0.9529882669448853","0.6554138541221619","0.5781445503234863","0.7070517539978027","0.7784862915674845","0.7526881694793701","0.8007001876831055"
"24","0.9265566349029541","0.9169792532920837","0.931107759475708","0.9339834809303283","0.9198549389839172","0.9434858560562134","0.07764440998435021","0.037259314209222794","0.17566891014575958","0.9414103507995606","0.9348587393760681","0.9499874711036682","0.6643160700798034","0.6439110040664673","0.7019254565238953","0.7826956709225973","0.7695673704147339","0.801075279712677"
"25","0.9320080161094666","0.9246061444282532","0.9374843835830688","0.9399849891662597","0.9324831366539001","0.9438609480857849","0.06429107189178467","0.022130532190203667","0.11077769100666046","0.946436595916748","0.9368591904640198","0.9542385339736938","0.6797949433326721","0.6707926988601685","0.6980494856834412","0.7596899072329203","0.748812198638916","0.7695673704147339"
"26","0.9256314158439636","0.9146036505699158","0.9323580861091614","0.9368842124938965","0.9297324419021606","0.9418604373931885","0.045686420798301694","0.030257564038038254","0.07026756554841995","0.9447611927986145","0.9374843835830688","0.9498624801635742","0.6920730113983155","0.6676669120788574","0.7244310975074768","0.7909894188245138","0.7601900696754456","0.8323330879211426"
"27","0.9310077548027038","0.9228557348251343","0.936609148979187","0.9456364035606384","0.9394848942756653","0.9507376551628113","0.048637159168720245","0.02088022045791149","0.08327081799507141","0.9477869510650635","0.9324831366539001","0.9562390446662903","0.6698674559593201","0.637909471988678","0.7085521221160889","0.7969075640042623","0.7856964468955994","0.8082020282745361"
"28","0.9330082535743713","0.9266066551208496","0.939734935760498","0.943085765838623","0.9364840984344482","0.9487372040748596","0.04976244121789932","0.01837959513068199","0.09452363103628159","0.9497124314308166","0.9398599863052368","0.9558639526367188","0.6907727003097535","0.6516628861427307","0.7138034701347351","0.7752354741096497","0.751937985420227","0.795573890209198"
"29","0.9300075054168702","0.9258564710617065","0.9328582286834717","0.9455863952636718","0.9416103959083557","0.9492372870445251","0.09074768610298634","0.016879219561815262","0.28532132506370544","0.9499874949455261","0.9336084127426147","0.9594898819923401","0.6889722347259521","0.6385346055030823","0.7206801772117615","0.8095774054527283","0.7949487566947937","0.8190797567367554"
"30","0.9344836235046386","0.9222305417060852","0.9454863667488098","0.9455113768577575","0.9354838728904724","0.9521130323410034","0.053488371334969996","0.015378844924271107","0.09339834749698639","0.9519629836082458","0.9328582286834717","0.9604901075363159","0.6985496401786804","0.6825456619262695","0.7196798920631409","0.787655254205068","0.776569128036499","0.7956989407539368"
"31","0.9314828634262085","0.9237309098243713","0.9371092915534973","0.9526381611824035","0.9506126642227173","0.9599900245666504","0.08172042965888977","0.03200800344347954","0.24456113576889038","0.9565391421318055","0.9528632164001465","0.9599900245666504","0.6915478825569152","0.6506626605987549","0.7395598888397217","0.7981161872545878","0.7680670022964478","0.8140785098075867"
"32","0.9339334726333618","0.9222305417060852","0.9419854879379272","0.9516629219055176","0.9417354464530945","0.9558639526367188","0.07761940583586693","0.026631657034158707","0.16629157960414886","0.9486121416091919","0.9404851198196411","0.958864688873291","0.7311577916145324","0.7074268460273743","0.7415603995323181","0.7819454868634542","0.7426856756210327","0.82883220911026"
"33","0.9320830225944519","0.9251062870025635","0.9349837303161621","0.952488124370575","0.9416103959083557","0.9576144218444824","0.05608902163803577","0.018254563212394714","0.10727681964635849","0.9551637768745422","0.9418604373931885","0.9654913544654846","0.7166041493415832","0.7041760683059692","0.7316828966140747","0.8166624903678894","0.8093273043632507","0.8210802674293518"
"34","0.9302575588226318","0.9227306842803955","0.9353588223457336","0.9436109066009521","0.9316079020500183","0.9546136260032654","0.04756189063191414","0.019254812970757484","0.10077519714832306","0.9583896040916443","0.9521130323410034","0.9684921503067017","0.7305826425552369","0.7090522646903992","0.7520630359649658","0.7907393574714661","0.773318350315094","0.8074518442153931"
"35","0.9345586419105529","0.92873215675354","0.9462365508079529","0.9524631142616272","0.9384846091270447","0.9644911289215088","0.05483870841562748","0.02000500075519085","0.09327331930398941","0.9567391872406006","0.9429857730865479","0.966741681098938","0.7286821603775024","0.6927981972694397","0.746436595916748","0.8183712561925253","0.8002000451087952","0.8328332304954529"
"36","0.9332082986831665","0.9226056337356567","0.9399849772453308","0.9528632164001465","0.9451112747192383","0.9609902501106262","0.06584146171808243","0.021255314350128174","0.09227307140827179","0.9601150155067444","0.9577394127845764","0.9649912714958191","0.7279319763183594","0.6829207539558411","0.7708176970481873","0.762315571308136","0.7448111772537231","0.7909477353096008"
"37","0.9373093366622924","0.9332333207130432","0.9391098022460938","0.9568892240524292","0.9506126642227173","0.96436607837677","0.06356589123606682","0.03350837528705597","0.09252312779426575","0.96316579580307","0.9448612332344055","0.9696174263954163","0.7264315962791443","0.7054263353347778","0.7524381279945374","0.8255397280057272","0.8169542551040649","0.8419604897499084"
"38","0.9345836400985718","0.9241060018539429","0.9407351613044739","0.9575643897056579","0.9482370615005493","0.9628657102584839","0.03628407046198845","0.01637909561395645","0.07364340871572495","0.9618154525756836","0.942110538482666","0.9719929695129395","0.7268316984176636","0.6731683015823364","0.7653163075447083","0.7945319612820944","0.787571907043457","0.8024505972862244"
"39","0.9350337505340576","0.9316079020500183","0.9379844665527344","0.9587896943092347","0.9552388191223145","0.96436607837677","0.052538135647773744","0.0327581912279129","0.08714678883552551","0.9578144550323486","0.9427356719970703","0.9713678359985352","0.7272067904472351","0.7031757831573486","0.7556889057159424","0.8299574851989746","0.8134533762931824","0.8515878915786743"
"40","0.9384596228599549","0.9336084127426147","0.9431107640266418","0.9598399639129639","0.9562390446662903","0.9638659954071045","0.08087021633982658","0.030257564038038254","0.13453362882137299","0.9631908059120178","0.9554888606071472","0.972243070602417","0.7185046315193176","0.6709177494049072","0.7343086004257202","0.8025756279627482","0.7808201909065247","0.8182045221328735"
"41","0.9368342161178589","0.9288572072982788","0.9429857730865479","0.9590897798538208","0.9441110491752625","0.9688672423362732","0.04763690903782845","0.019629906862974167","0.0688922256231308","0.9586146473884583","0.9484871029853821","0.9677419066429138","0.7354338526725769","0.6984245777130127","0.7529382109642029","0.8282070557276408","0.8140785098075867","0.8385846614837646"
"42","0.937359344959259","0.9307326674461365","0.9458614587783813","0.9576644182205201","0.9486121535301208","0.9637409448623657","0.06201550364494324","0.02250562608242035","0.09289822727441788","0.9648412108421326","0.9607402086257935","0.9721180200576782","0.7414853692054748","0.7026756405830383","0.7750687599182129","0.8268733819325765","0.8063265681266785","0.8402100801467896"
"43","0.9398599743843079","0.9293573498725891","0.9458614587783813","0.9608151912689209","0.9551137685775757","0.9652413129806519","0.06414103507995605","0.041260313242673874","0.1000250056385994","0.9652663230895996","0.9557389616966248","0.9744936227798462","0.7288572072982789","0.6992998123168945","0.7553138136863708","0.8018254637718201","0.7895724177360535","0.8138284683227539"
"44","0.9400099992752076","0.9356089234352112","0.946986734867096","0.9635909080505372","0.9544886350631714","0.9727432131767273","0.04433608464896679","0.02650662697851658","0.07739435136318207","0.967916977405548","0.9599900245666504","0.9759939908981323","0.7359589815139771","0.7096773982048035","0.776444137096405","0.824122687180837","0.8164541125297546","0.8302075266838074"
"45","0.9368592262268066","0.9252313375473022","0.9441110491752625","0.9666666626930237","0.9573643207550049","0.9748687148094177","0.061640409380197526","0.020380094647407532","0.11452863365411758","0.9691672921180725","0.961990475654602","0.977744460105896","0.7399850010871887","0.723430871963501","0.7615653872489929","0.7971159418423971","0.7865716218948364","0.8038259744644165"
"46","0.9374343633651734","0.930232584476471","0.9428607225418091","0.9629407405853272","0.9552388191223145","0.9694923758506775","0.07216804176568985","0.03800950199365616","0.10752688348293304","0.9709177255630493","0.963615894317627","0.9756188988685608","0.7309577345848084","0.7129282355308533","0.7476869225502014","0.8463365832964579","0.831957995891571","0.8553388118743896"
"47","0.9367341876029969","0.9317329525947571","0.942110538482666","0.9643410801887512","0.9568642377853394","0.9689922332763672","0.046711677312850954","0.008377093821763992","0.07764440774917603","0.9712428212165832","0.9592397809028625","0.9816204309463501","0.7338084578514099","0.7060515284538269","0.7665666341781616","0.8108276923497518","0.7728182077407837","0.8337084054946899"
"48","0.9373843431472778","0.9331082701683044","0.9418604373931885","0.9700425148010254","0.9572393298149109","0.9759939908981323","0.05233808532357216","0.026131533086299896","0.09352338314056396","0.9696424007415771","0.9597399234771729","0.9764941334724426","0.7587897062301636","0.7493123412132263","0.7791947722434998","0.8470450838406881","0.8322080373764038","0.8655914068222046"
"49","0.9405851483345031","0.9352338314056396","0.9471117854118347","0.9710677742958069","0.9594898819923401","0.9766191840171814","0.056714178249239924","0.016879219561815262","0.10940235108137131","0.9682670593261719","0.9522380828857422","0.975493848323822","0.7374093532562256","0.7264316082000732","0.7645661234855652","0.8202050526936849","0.803450882434845","0.8530882596969604"
"50","0.9395848870277405","0.933483362197876","0.944611132144928","0.9686171531677246","0.9559890031814575","0.9796199202537537","0.048812202736735345","0.014128532260656357","0.10240060091018677","0.9710427641868591","0.9589897394180298","0.9818704724311829","0.7445111274719238","0.7050512433052063","0.7616904377937317","0.8332499861717224","0.817829430103302","0.8459615111351013"
"51","0.9403850913047791","0.9371092915534973","0.9437359571456909","0.9676169037818909","0.9436109066009521","0.9758689403533936","0.08692172989249229","0.03538384661078453","0.1405351310968399","0.9713428378105163","0.9648662209510803","0.983370840549469","0.7334833741188049","0.7103025913238525","0.7534383535385132","0.8141618569691976","0.7893223166465759","0.8410852551460266"
"52","0.93800950050354","0.930232584476471","0.945361316204071","0.9723680973052978","0.9648662209510803","0.9776194095611572","0.04138534627854824","0.01600400172173977","0.07739435136318207","0.9712928295135498","0.9648662209510803","0.9784946441650391","0.7412853121757508","0.7170542478561401","0.7874468564987183","0.8317912618319193","0.8205801248550415","0.8379594683647156"
"53","0.937584400177002","0.9317329525947571","0.9426106810569763","0.9723180770874024","0.9604901075363159","0.9806201457977295","0.06119029708206654","0.02488121949136257","0.09464865922927856","0.9753938436508178","0.969867467880249","0.9836208820343018","0.7518129587173462","0.72893226146698","0.7843210697174072","0.8196632464726766","0.7835708856582642","0.8387096524238586"
"54","0.9409852385520935","0.9361090064048767","0.9454863667488098","0.9740685105323792","0.9641160368919373","0.9797449111938477","0.06716679111123085","0.05051262676715851","0.0966491624712944","0.9769942402839661","0.9721180200576782","0.9824956059455872","0.7455613851547241","0.734558641910553","0.7581895589828491","0.8437942862510681","0.8390847444534302","0.8529632687568665"
"55","0.9400349974632263","0.9353588223457336","0.9434858560562134","0.9694923877716064","0.9617404341697693","0.9742435812950134","0.05721430368721485","0.01650412566959858","0.11977994441986084","0.9743935942649842","0.969117283821106","0.9822455644607544","0.755188810825348","0.7325581312179565","0.7829457521438599","0.8089522322018942","0.7835708856582642","0.8339585065841675"
"56","0.9400350093841553","0.9336084127426147","0.945236325263977","0.9720680117607117","0.9658664464950562","0.9814953804016113","0.05933983437716961","0.01800450123846531","0.13415853679180145","0.9748687148094177","0.9622405767440796","0.9844961166381836","0.7501625299453736","0.732183039188385","0.7664415836334229","0.8281236886978149","0.7816954255104065","0.865341305732727"
"57","0.9413103222846985","0.9347336888313293","0.9459865093231201","0.9675168752670288","0.9566141366958618","0.9796199202537537","0.07189297378063202","0.021755438297986984","0.17179295420646667","0.9760940432548523","0.9692423343658447","0.9861215353012085","0.7607651948928833","0.7468116879463196","0.7794448733329773","0.8160790205001831","0.7934483885765076","0.8360840082168579"
"58","0.9400350093841553","0.9299824833869934","0.9456114172935486","0.9716428995132447","0.9676169157028198","0.9762440323829651","0.07431857921183109","0.02488121949136257","0.17929482460021973","0.9776944160461426","0.9702425599098206","0.9874968528747559","0.759714937210083","0.7349337339401245","0.7936984300613403","0.8394598563512167","0.8210802674293518","0.862090528011322"
"59","0.9385846376419067","0.9314828515052795","0.9451112747192383","0.971492874622345","0.961990475654602","0.9811202883720398","0.06549137383699417","0.016879219561815262","0.09589897841215134","0.9783445954322815","0.9723681211471558","0.9859964847564697","0.750862717628479","0.729057252407074","0.7799450159072876","0.8368758956591288","0.8289572596549988","0.8480870127677917"
"60","0.9422605633735657","0.9329832196235657","0.950112521648407","0.967066764831543","0.9491122961044312","0.9823706150054932","0.05616404116153717","0.028257064521312714","0.10140035301446915","0.9742435574531555","0.9624906182289124","0.9852463006973267","0.75151287317276","0.7153038382530212","0.7750687599182129","0.843085765838623","0.8187046647071838","0.8639659881591797"
"61","0.9385346293449401","0.9274818897247314","0.9471117854118347","0.9724431157112121","0.9603651165962219","0.9811202883720398","0.04976244121789932","0.01650412566959858","0.13465866446495056","0.979369843006134","0.9764941334724426","0.9821205139160156","0.7602650642395019","0.7451862692832947","0.7879469990730286","0.8352088133494059","0.8249562382698059","0.8487122058868408"
"62","0.9415103793144226","0.9359840154647827","0.9464865922927856","0.9728432178497315","0.9622405767440796","0.9868717193603516","0.04193548448383808","0.010252563282847404","0.07901975512504578","0.9799699902534484","0.9756188988685608","0.9843710660934448","0.7704676151275635","0.7366841435432434","0.7993248105049133","0.8247895240783691","0.7994498610496521","0.8607151508331299"
"63","0.9407101750373841","0.9333583116531372","0.946861743927002","0.9675168752670288","0.9494873881340027","0.9814953804016113","0.07856964245438576","0.02338084578514099","0.14703676104545593","0.9769692420959473","0.9692423343658447","0.9887471795082092","0.7595648884773254","0.7339335083961487","0.7773193120956421","0.845503052075704","0.8382095694541931","0.8587146997451782"
"64","0.9424606084823608","0.935858964920044","0.9471117854118347","0.9718679666519165","0.9654913544654846","0.9838709831237793","0.1001250334084034","0.019129782915115356","0.29082271456718445","0.9791197776794434","0.972243070602417","0.9826206564903259","0.7618404507637024","0.7455613613128662","0.7726931571960449","0.8393348256746928","0.8044511079788208","0.8600900173187256"
"65","0.9434608578681946","0.9312328100204468","0.9533633589744568","0.9723430871963501","0.9657414555549622","0.980870246887207","0.06306576617062092","0.02000500075519085","0.10327582061290741","0.9792948246002198","0.9683670997619629","0.9873718619346619","0.7583895921707153","0.7110527753829956","0.7778194546699524","0.8295407295227051","0.8180795311927795","0.8463366031646729"
"66","0.9399349689483643","0.9338584542274475","0.947736918926239","0.9683420777320861","0.9492372870445251","0.9844961166381836","0.04406101554632187","0.011627906933426857","0.10027506947517395","0.9805701375007629","0.9733683466911316","0.9917479157447815","0.7726681590080261","0.7486871480941772","0.8138284683227539","0.8434191942214966","0.8363341093063354","0.8495873808860779"
"67","0.9426106452941895","0.9372342824935913","0.9479870200157166","0.9662915587425231","0.9608651995658875","0.9832457900047302","0.0510877713561058","0.014753688126802444","0.10790197551250458","0.9841460347175598","0.9804950952529907","0.9906226396560669","0.7629407286643982","0.740185022354126","0.7831957936286926","0.8419604897499084","0.82883220911026","0.8679670095443726"
"68","0.9417604207992554","0.9307326674461365","0.9461115002632141","0.9701175332069397","0.9601150155067444","0.9834958910942078","0.05301325246691704","0.02900725230574608","0.08727181702852249","0.9829707384109497","0.9748687148094177","0.9879969954490662","0.7787696838378906","0.7610652446746826","0.8260815143585205","0.845461368560791","0.8432108163833618","0.847961962223053"
"69","0.9411602854728699","0.9321080446243286","0.947736918926239","0.9733933568000793","0.964241087436676","0.9892473220825195","0.06934233531355857","0.016129031777381897","0.15928982198238373","0.9823455929756164","0.9737434387207031","0.9854964017868042","0.7691923022270203","0.7475618720054626","0.7895724177360535","0.8500041762987772","0.8448362350463867","0.8564640879631042"
"70","0.9435358881950379","0.9357339143753052","0.9499874711036682","0.9763190746307373","0.9626156687736511","0.98649662733078","0.0628657165914774","0.0263815950602293","0.11965491622686386","0.984446108341217","0.980870246887207","0.99137282371521","0.7636159062385559","0.7508127093315125","0.7689422369003296","0.8267900347709656","0.8193298578262329","0.8377094268798828"
"71","0.9417604446411133","0.9343585968017578","0.9509877562522888","0.9714428663253785","0.9447361826896667","0.9853713512420654","0.08424606025218964","0.019129782915115356","0.15191297233104706","0.98402099609375","0.9762440323829651","0.9874968528747559","0.7653413414955139","0.7478119730949402","0.7854463458061218","0.8404184579849243","0.8328332304954529","0.8448362350463867"
"72","0.9446861624717713","0.9376093745231628","0.9488621950149536","0.975593900680542","0.9537384510040283","0.9861215353012085","0.11105276234447956","0.018254563212394714","0.25806450843811035","0.9821955442428589","0.9729932546615601","0.988997220993042","0.7844210982322692","0.7718179821968079","0.7969492077827454","0.8317079345385233","0.8092023134231567","0.8537134528160095"
"73","0.9427356839179992","0.9326081275939941","0.9509877562522888","0.968242061138153","0.9484871029853821","0.9869967699050903","0.09804951436817647","0.017129281535744667","0.21205301582813263","0.9803700923919678","0.9672418236732483","0.9891222715377808","0.774943733215332","0.756814181804657","0.789947509765625","0.8441277146339417","0.8359590172767639","0.8544636368751526"
"74","0.9421355366706848","0.935858964920044","0.9474868774414062","0.9721930384635925","0.9503625631332397","0.9847461581230164","0.06014003679156303","0.015628907829523087","0.1416604220867157","0.9817454218864441","0.9708676934242249","0.9911227822303772","0.7799449920654297","0.7395598888397217","0.8197049498558044","0.8484204411506653","0.8292073011398315","0.8743435740470886"
"75","0.9431607961654663","0.9348587393760681","0.9484871029853821","0.9766941785812377","0.9606151580810547","0.991998016834259","0.059439861215651035","0.013878469355404377","0.11352838575839996","0.9832207918167114","0.9756188988685608","0.992123007774353","0.7827957034111023","0.7614403367042542","0.8147037029266357","0.8494206865628561","0.8384596109390259","0.8594648838043213"
"76","0.9418354511260987","0.9333583116531372","0.9474868774414062","0.9757939577102661","0.9646161794662476","0.9891222715377808","0.049737433716654775","0.00600150041282177","0.12015503644943237","0.9827456831932068","0.9763690829277039","0.9907476902008057","0.7905976414680481","0.7715678811073303","0.8078269362449646","0.8386263251304626","0.8100775480270386","0.8627156615257263"
"77","0.941785454750061","0.9316079020500183","0.9491122961044312","0.9795448899269104","0.9687421917915344","0.9927482008934021","0.061790448427200315","0.016129031777381897","0.16241560876369476","0.9841960549354554","0.97786945104599","0.9897474646568298","0.7786446571350097","0.767816960811615","0.7879469990730286","0.8474201758702596","0.8244560956954956","0.865341305732727"
"78","0.943767175078392","0.9372342824935913","0.9481120109558105","0.9765941381454468","0.9614903926849365","0.9891222715377808","0.05711427740752697","0.025256313383579254","0.10377594083547592","0.9837209224700928","0.9752438068389893","0.9902475476264954","0.7836209058761596","0.7613153457641602","0.7978244423866272","0.8527965148289999","0.8348336815834045","0.8628407120704651"
"79","0.9432357996702194","0.9363591074943542","0.9507376551628113","0.9773693442344665","0.9652413129806519","0.9848712086677551","0.06431607790291309","0.018254563212394714","0.12853212654590607","0.9831207752227783","0.9694923758506775","0.992123007774353","0.7693923592567444","0.7204301357269287","0.790072500705719","0.8477119207382202","0.8190797567367554","0.8634658455848694"
"80","0.9438609778881073","0.9351087808609009","0.9511128067970276","0.9751937866210938","0.961240291595459","0.9852463006973267","0.03400850147008896","0.016754187643527985","0.05338834598660469","0.9833208322525024","0.9796199202537537","0.9906226396560669","0.7737684488296509","0.737684428691864","0.8108277320861816","0.8505042990048727","0.8273318409919739","0.8693423271179199"
"81","0.9380782693624496","0.9116029143333435","0.9534883499145508","0.984771192073822","0.974618673324585","0.9934983849525452","0.04663665853440761","0.020755188539624214","0.09677419066429138","0.9904976129531861","0.9824956059455872","0.9963740706443787","0.8097524285316468","0.8004500865936279","0.8247061967849731","0.8540468613306681","0.8428357243537903","0.8660915493965149"
"82","0.9385158717632294","0.9097274541854858","0.9527381658554077","0.9833208322525024","0.9741185307502747","0.9917479157447815","0.039859965816140173","0.020380094647407532","0.07014253735542297","0.9895724058151245","0.9822455644607544","0.9958739876747131","0.8089272141456604","0.7993248105049133","0.8229557275772095","0.8619238138198853","0.850337564945221","0.8753438591957092"
"83","0.941172793507576","0.9163540601730347","0.9529882669448853","0.9811452865600586","0.9653663635253906","0.99137282371521","0.059589898213744164","0.01850462704896927","0.16454114019870758","0.9896724104881287","0.9797449111938477","0.9958739876747131","0.8098024487495422","0.8004500865936279","0.8275818824768066","0.8626323143641154","0.8539634943008423","0.8793448209762573"
"84","0.9499562382698059","0.9394848942756653","0.958114504814148","0.983595895767212","0.9758689403533936","0.9899975061416626","0.04916229136288166","0.018129533156752586","0.11752938479185104","0.9910977840423584","0.9858714938163757","0.9962490797042847","0.8107276797294617","0.7991998195648193","0.831957995891571","0.8635075489679972","0.8555889129638672","0.8723430633544922"
"85","0.9354526102542877","0.8918479681015015","0.9549887180328369","0.9814453601837159","0.9647411704063416","0.9918729662895203","0.057364339381456374","0.019254812970757484","0.14466115832328796","0.9894723653793335","0.9759939908981323","0.9967491626739502","0.8164791226387024","0.8053263425827026","0.8328332304954529","0.8672584692637125","0.8562140464782715","0.8815953731536865"
"86","0.950112521648407","0.9443610906600952","0.956364095211029","0.983145785331726","0.9676169157028198","0.9931232929229736","0.06741685383021831","0.017879469320178032","0.1334083527326584","0.9906976819038391","0.9816204309463501","0.996874213218689","0.813503360748291","0.804326057434082","0.8325831294059753","0.8605901400248209","0.8507126569747925","0.8744686245918274"
"87","0.9424543678760529","0.9196048974990845","0.9548637270927429","0.9738184690475464","0.9514878988265991","0.991998016834259","0.04711177758872509","0.016879219561815262","0.11827956885099411","0.9885221362113953","0.9707427024841309","0.9969992637634277","0.8144536018371582","0.804326057434082","0.8308327198028564","0.8625906705856323","0.853338360786438","0.8757189512252808"
"88","0.9500187635421753","0.9448612332344055","0.953238308429718","0.977644419670105","0.947611927986145","0.9932482838630676","0.05341335460543632","0.014878720045089722","0.1416604220867157","0.9886721611022949","0.9728682041168213","0.9971242547035217","0.8148537039756775","0.8050762414932251","0.834458589553833","0.8632158041000366","0.8543385863304138","0.8774693608283997"
"89","0.9459864944219589","0.9266066551208496","0.9562390446662903","0.9808702111244202","0.9639909863471985","0.9937484264373779","0.06636658981442452","0.021380344405770302","0.18079519271850586","0.9899224996566772","0.9761190414428711","0.9954988956451416","0.8147036790847778","0.8079519867897034","0.8313328623771667","0.8602150479952494","0.853463351726532","0.8713428378105164"
"90","0.9519879966974258","0.9462365508079529","0.9576144218444824","0.9811702966690063","0.9668667316436768","0.9951238036155701","0.054488622769713405","0.016254063695669174","0.11627907305955887","0.9864716291427612","0.9633658528327942","0.9969992637634277","0.819654905796051","0.8105776309967041","0.8372092843055725","0.8640910188357035","0.8517129421234131","0.878094494342804"
"91","0.9465491324663162","0.9266066551208496","0.957989513874054","0.9814953804016113","0.9706176519393921","0.9942485690116882","0.05108777172863484","0.013378344476222992","0.10765191167593002","0.9898224472999573","0.9797449111938477","0.9959989786148071","0.8203550815582276","0.8085771203041077","0.8355839252471924","0.8617987831433614","0.8567141890525818","0.8715928792953491"
"92","0.9523005783557892","0.9486121535301208","0.957989513874054","0.9740185022354126","0.9623655676841736","0.9957489371299744","0.04296073988080025","0.02488121949136257","0.0800200030207634","0.9872218012809754","0.9669917225837708","0.9959989786148071","0.8211802959442138","0.8099524974822998","0.8339585065841675","0.8622989257176717","0.8525881767272949","0.8795949220657349"
"93","0.9434233605861664","0.9281070232391357","0.9542385339736938","0.9774443507194519","0.9649912714958191","0.9874968528747559","0.07364341244101524","0.021255314350128174","0.2028007060289383","0.9856714248657227","0.9596149325370789","0.9952487945556641","0.8150787591934204","0.8089522123336792","0.8327081799507141","0.8650496006011963","0.8520880341529846","0.8809702396392822"
"94","0.9494248479604721","0.9458614587783813","0.9548637270927429","0.9791447997093201","0.9671167731285095","0.991998016834259","0.048312078788876535","0.017754439264535904","0.13428357243537903","0.9857714414596558","0.9607402086257935","0.9959989786148071","0.8187796950340271","0.8077019453048706","0.8363341093063354","0.8635492126146952","0.8564640879631042","0.8764691352844238"
"95","0.953279991944631","0.9474868774414062","0.9562390446662903","0.9793198347091675","0.9564891457557678","0.994373619556427","0.06316579133272171","0.01800450123846531","0.1782945692539215","0.9879720091819764","0.9696174263954163","0.9966241717338562","0.8222055554389953","0.8149537444114685","0.8377094268798828","0.8605067729949951","0.8453363180160522","0.8815953731536865"
"96","0.9490705927213033","0.9401100277900696","0.9566141366958618","0.981745445728302","0.9597399234771729","0.994373619556427","0.0628907211124897","0.017879469320178032","0.1255313754081726","0.9871217727661132","0.9684921503067017","0.9959989786148071","0.8160040020942688","0.809077262878418","0.8289572596549988","0.8624656200408936","0.8554638624191284","0.8725931644439697"
"97","0.9542802373568217","0.9496123790740967","0.9578644633293152","0.983145797252655","0.958739697933197","0.9954988956451416","0.061215303093194964","0.01700425148010254","0.17654412984848022","0.9869717478752136","0.9654913544654846","0.9966241717338562","0.8196048974990845","0.8113278150558472","0.8350837826728821","0.8611319462458292","0.847836971282959","0.8809702396392822"
"98","0.9446528355280558","0.917479395866394","0.9597399234771729","0.9835959076881409","0.9559890031814575","0.9958739876747131","0.05943986102938652","0.019129782915115356","0.16241560876369476","0.986396598815918","0.9616153836250305","0.9949987530708313","0.8166541457176208","0.8079519867897034","0.8309577107429504","0.8637576103210449","0.8543385863304138","0.8742185831069946"
"99","0.9510711034138998","0.9412353038787842","0.9564891457557678","0.9830707669258117","0.9558639526367188","0.9958739876747131","0.05461365357041359","0.019254812970757484","0.12303075939416885","0.9859964966773986","0.9683670997619629","0.9956238865852356","0.8190547585487366","0.8033258318901062","0.8390847444534302","0.8661748766899109","0.8575894236564636","0.8789697289466858"