"Step","Grouped runs (OpenMatch) - Unseen-class ratio over conf 0.95","Grouped runs (OpenMatch) - Unseen-class ratio over conf 0.95__MIN","Grouped runs (OpenMatch) - Unseen-class ratio over conf 0.95__MAX","Grouped runs (FixMatch) - Unseen-class ratio over conf 0.95","Grouped runs (FixMatch) - Unseen-class ratio over conf 0.95__MIN","Grouped runs (FixMatch) - Unseen-class ratio over conf 0.95__MAX","Grouped runs (MTC) - Unseen-class ratio over conf 0.95","Grouped runs (MTC) - Unseen-class ratio over conf 0.95__MIN","Grouped runs (MTC) - Unseen-class ratio over conf 0.95__MAX","Grouped runs (IOMatch) - Unseen-class ratio over conf 0.95","Grouped runs (IOMatch) - Unseen-class ratio over conf 0.95__MIN","Grouped runs (IOMatch) - Unseen-class ratio over conf 0.95__MAX","Grouped runs (SafeStudent) - Unseen-class ratio over conf 0.95","Grouped runs (SafeStudent) - Unseen-class ratio over conf 0.95__MIN","Grouped runs (SafeStudent) - Unseen-class ratio over conf 0.95__MAX","Grouped runs (CaliMatch) - Unseen-class ratio over conf 0.95","Grouped runs (CaliMatch) - Unseen-class ratio over conf 0.95__MIN","Grouped runs (CaliMatch) - Unseen-class ratio over conf 0.95__MAX"
"0","1","1","1","0.5990789294242859","0.5935050249099731","0.6021345257759094","0.48400305956602097","0.3333333432674408","0.5924748182296753","0.5501321628689766","0.3333333432674408","0.6613546013832092","0.6008525490760803","0.5918595194816589","0.6048709750175476","","",""
"1","0.3613312870264053","0.21600337326526642","0.49930331110954285","0.5255984723567962","0.49030837416648865","0.5636683106422424","0.18159186691045762","0.06450137495994568","0.3351796269416809","0.5722734928131104","0.5634595155715942","0.5908368229866028","0.5494868397712708","0.4996734857559204","0.5873848795890808","0.3982974092165629","0.20987874269485474","0.6008187532424927"
"2","0.3531591594219208","0.3207547068595886","0.4084404706954956","0.5434254169464111","0.5097766518592834","0.5670046210289001","0.21082852110266687","0.05324511602520943","0.5694103240966797","0.5882479667663574","0.569322943687439","0.6014444231987","0.5407683372497558","0.4865745007991791","0.6010057926177979","0.21130355075001717","0.031329598277807236","0.392708957195282"
"3","0.34934083819389344","0.2831781506538391","0.432235449552536","0.5466305494308472","0.5375123023986816","0.5653980374336243","0.18822039887309075","0.0521361343562603","0.5674278140068054","0.5909496545791626","0.5828332304954529","0.5987479090690613","0.5239773631095886","0.47193747758865356","0.5667667388916016","0.2376860740284125","0.05375603213906288","0.4970252215862274"
"4","0.490409779548645","0.4405142068862915","0.596355676651001","0.5685231804847717","0.5471406579017639","0.5775236487388611","0.07235632911324501","0.04340636730194092","0.10164835304021835","0.5935223698616028","0.5833486318588257","0.6032775640487671","0.5091914534568787","0.45734718441963196","0.5620842576026917","0.18495774703721204","0.027807487174868584","0.46246111392974854"
"5","0.4509346902370453","0.3336103856563568","0.599215030670166","0.5675988078117371","0.5489065647125244","0.5815095901489258","0.06504352279007435","0.027461139485239983","0.11611289530992508","0.5922358155250549","0.5893324017524719","0.5965679883956909","0.5197818756103516","0.4974154233932495","0.5823498368263245","0.27012012402216595","0.19314035773277283","0.31757187843322754"
"6","0.42034156918525695","0.3784472644329071","0.45511192083358765","0.5795022964477539","0.5700419545173645","0.5951344966888428","0.0503234189003706","0.027519656345248222","0.0696909949183464","0.5938506722450256","0.5878044366836548","0.6003543138504028","0.5051574766635895","0.4894692599773407","0.5262684226036072","0.27500347793102264","0.16941137611865997","0.36543869972229004"
"7","0.4172530949115753","0.3882066011428833","0.4383726418018341","0.5856053113937378","0.5712573528289795","0.6003725528717041","0.09574855417013169","0.01590457186102867","0.29065683484077454","0.5935836911201477","0.5886297225952148","0.5997500419616699","0.502241450548172","0.4922672510147095","0.5156779289245605","0.3372412820657094","0.2913563847541809","0.4052220582962036"
"8","0.43729580044746397","0.40760961174964905","0.48295289278030396","0.5805309295654297","0.5689055323600769","0.5927019715309143","0.23419714719057083","0.08228123933076859","0.4972488582134247","0.5901912808418274","0.5806376338005066","0.5956612825393677","0.5127770125865936","0.4937537610530853","0.5301196575164795","0.3298654655615489","0.2953174412250519","0.3919503092765808"
"9","0.43480721712112425","0.40487074851989746","0.49051135778427124","0.588412082195282","0.5760461091995239","0.5985774993896484","0.16571747064590453","0.050589051097631454","0.4008941948413849","0.5944772720336914","0.5839716196060181","0.5999667644500732","0.5135934352874756","0.5071114301681519","0.5203647613525391","0.3454810231924057","0.21592821180820465","0.425819456577301"
"10","0.4406227350234985","0.41350457072257996","0.47772204875946045","0.5935911893844604","0.5846055150032043","0.6001366376876831","0.07751968428492546","0.03421787545084953","0.15359167754650116","0.5907884478569031","0.5854151248931885","0.5948436856269836","0.5067280650138855","0.4917333424091339","0.521666407585144","0.31179601947466534","0.26133882999420166","0.36119192838668823"
"11","0.45035143494606017","0.43565359711647034","0.46778377890586853","0.5962734699249268","0.5863298773765564","0.6059899926185608","0.43457286097109316","0.029069768264889717","0.6430274248123169","0.5934144616127014","0.5905061364173889","0.5963597893714905","0.501406192779541","0.4854189157485962","0.5184038281440735","0.25928034881750744","0.21988950669765472","0.2929984927177429"
"12","0.4370290219783783","0.4059593379497528","0.47041964530944824","0.5987259268760681","0.5909116864204407","0.6040260791778564","0.45556249022483825","0.20910972356796265","0.6366335153579712","0.5905880093574524","0.5851135849952698","0.5950427055358887","0.5134894907474518","0.49470487236976624","0.5470394492149353","0.3492269217967987","0.3180076479911804","0.3959510922431946"
"13","0.42869752645492554","0.4039582908153534","0.45167145133018494","0.5986227750778198","0.5911209583282471","0.6042013168334961","0.3492181241512299","0.18431372940540314","0.6358482837677002","0.5906652688980103","0.5851057767868042","0.59698885679245","0.5183789253234863","0.49409019947052","0.5613328218460083","0.2773417532444","0.19780853390693665","0.31751468777656555"
"14","0.4320667445659637","0.41738924384117126","0.45910823345184326","0.6014429926872253","0.596332848072052","0.6070560216903687","0.296590156853199","0.10847457498311996","0.5887472033500671","0.5948214650154113","0.5908417105674744","0.600021481513977","0.5053936779499054","0.4744151532649994","0.5430245995521545","0.2643911888202031","0.20383422076702118","0.3372742831707001"
"15","0.43861976861953733","0.4171901047229767","0.4693148732185364","0.5991211891174316","0.5927737355232239","0.6023147106170654","0.36173545122146605","0.25704044103622437","0.6004260778427124","0.5939071655273438","0.5901070237159729","0.5990432500839233","0.520793205499649","0.4895625412464142","0.5432236790657043","0.3031938870747884","0.2814348638057709","0.33871322870254517"
"16","0.43650753498077394","0.41558441519737244","0.46045929193496704","0.6014450788497925","0.5928646326065063","0.6078958511352539","0.34592562913894653","0.2409847378730774","0.607225775718689","0.5933784604072571","0.5846213698387146","0.5975225567817688","0.5287027835845948","0.5013337135314941","0.5732199549674988","0.30697043736775714","0.2887214422225952","0.3261238932609558"
"17","0.44513848423957825","0.4321747124195099","0.4579927921295166","0.59994478225708","0.5963940620422363","0.6074026823043823","0.2529252052307129","0.13953489065170288","0.43997424840927124","0.5935710191726684","0.5887818932533264","0.5983955264091492","0.5134338736534119","0.5101996660232544","0.5179263353347778","0.22529277205467224","0.19679954648017883","0.24712496995925903"
"18","0.4530320048332214","0.4273524284362793","0.5024570822715759","0.5991158485412598","0.5898619890213013","0.6062655448913574","0.2545586735010147","0.06858406960964203","0.35289186239242554","0.5919101119041443","0.5821822881698608","0.5987581014633179","0.5277705788612366","0.5054849982261658","0.5846163034439087","0.2463007171948751","0.21993987262248993","0.29097628593444824"
"19","0.45062153339385985","0.44184452295303345","0.4721826910972595","0.5993932962417603","0.5869722366333008","0.6048604249954224","0.3327894389629364","0.19343066215515137","0.4273504316806793","0.5903261303901672","0.5830211043357849","0.5947266817092896","0.5284280061721802","0.5232558250427246","0.533721387386322","0.2970883597930272","0.20937956869602203","0.36696577072143555"
"20","0.44992880821228026","0.4329527020454407","0.46002039313316345","0.5968790411949157","0.5899768471717834","0.6071276664733887","0.2448013812303543","0.12426900863647461","0.33415842056274414","0.5900525093078614","0.5756778120994568","0.5973121523857117","0.5089216530323029","0.4963017702102661","0.5260108113288879","0.2785740892092387","0.2486134171485901","0.3046741783618927"
"21","0.45524410605430604","0.44610801339149475","0.4611785411834717","0.5999221205711365","0.5951510071754456","0.6071106791496277","0.3319821447134018","0.20083682239055634","0.42020201683044434","0.5925256848335266","0.5835264921188354","0.5971118807792664","0.11935341507196426","0.05900830030441284","0.19105251133441925","0.26695480942726135","0.2370370328426361","0.2925393283367157"
"22","0.4501011550426483","0.41968265175819397","0.4694526791572571","0.5981101036071778","0.5935133099555969","0.6025593280792236","0.2977017015218735","0.17761556804180145","0.35875216126441956","0.5923256397247314","0.5838474631309509","0.5990713834762573","0.1988655298948288","0.1648317575454712","0.23510925471782684","0.24177283545335135","0.1868446171283722","0.3028218150138855"
"23","0.4500029385089874","0.4371931552886963","0.45933085680007935","0.5993906021118164","0.5980529189109802","0.6008468866348267","0.29761236608028413","0.20716112852096558","0.4575163424015045","0.5915529489517212","0.5822545886039734","0.5980753898620605","0.194324354827404","0.10974200814962387","0.2719298303127289","0.30142025152842206","0.24523571133613586","0.34405407309532166"
"24","0.4563348710536957","0.4409821331501007","0.48228150606155396","0.6007802724838257","0.5962762832641602","0.6049720644950867","0.2908898800611496","0.14951573312282562","0.3962264060974121","0.5915505766868592","0.5769274234771729","0.5973866581916809","0.18758479952812196","0.12947937846183777","0.25046730041503906","0.2328411340713501","0.1957056075334549","0.2667381465435028"
"25","0.46496922373771665","0.44691118597984314","0.4832172989845276","0.5998276829719543","0.5975139141082764","0.605563759803772","0.31732081472873686","0.21592921018600464","0.4831932783126831","0.5912542462348938","0.5847892165184021","0.5943320393562317","0.19852825701236726","0.13726115226745605","0.2793821394443512","0.20639774203300476","0.15777230262756348","0.24352659285068512"
"26","0.4513307988643646","0.4387175142765045","0.46429598331451416","0.5999897480010986","0.5980105996131897","0.6049726605415344","0.317817023396492","0.24610592424869537","0.40692639350891113","0.5870620012283325","0.5604665875434875","0.5986629128456116","0.20242574512958528","0.16549460589885712","0.25849878787994385","0.24338593085606894","0.20928850769996643","0.26966968178749084"
"27","0.4488492369651794","0.4234248101711273","0.47110381722450256","0.5989643931388855","0.5967156887054443","0.6021890044212341","0.30544352531433105","0.2699114978313446","0.37015780806541443","0.5899538278579712","0.5819901823997498","0.5979533791542053","0.21150046288967134","0.1695963591337204","0.293215274810791","0.2879323462645213","0.25938406586647034","0.30606549978256226"
"28","0.45677595734596255","0.4325306713581085","0.4779883027076721","0.6013312220573426","0.5990064740180969","0.604017972946167","0.397219717502594","0.2639714479446411","0.5476922988891602","0.5885874509811402","0.5747467279434204","0.5966652631759644","0.22153008878231048","0.19493357837200165","0.29544612765312195","0.22677756349245706","0.2149849832057953","0.23374277353286743"
"29","0.4557144820690155","0.43827253580093384","0.4767646789550781","0.5984697461128234","0.5959569215774536","0.6028566956520081","0.5105004370212555","0.2665952742099762","0.691601037979126","0.588679850101471","0.5754193067550659","0.5959402918815613","0.22587884366512298","0.16945844888687134","0.31665679812431335","0.24715621769428253","0.15307046473026276","0.3380739390850067"
"30","0.4630039393901825","0.43698954582214355","0.48246893286705017","0.5994091629981995","0.5956565737724304","0.6028513312339783","0.4194168210029602","0.34333333373069763","0.533707857131958","0.5883635520935059","0.5765945911407471","0.5957940220832825","0.21309319138526917","0.17380917072296143","0.27096688747406006","0.23801384369532266","0.13736188411712646","0.29715967178344727"
"31","0.46383772492408754","0.4387931823730469","0.4749484658241272","0.5983359932899475","0.5940419435501099","0.6049157977104187","0.34574168026447294","0.20293398201465607","0.5525113940238953","0.5880640029907227","0.5741338729858398","0.5963196754455566","0.23081472516059875","0.1820182353258133","0.2906823456287384","0.23656832675139108","0.2185472548007965","0.2600523829460144"
"32","0.47574458718299867","0.45866283774375916","0.4906017482280731","0.5975884914398193","0.593325138092041","0.6003395915031433","0.38208664655685426","0.22987839579582214","0.5336211919784546","0.5879487514495849","0.5735344290733337","0.5963046550750732","0.24424018263816832","0.21517296135425568","0.30119767785072327","0.23967686295509338","0.19256845116615295","0.30323734879493713"
"33","0.4609935641288757","0.4410552382469177","0.4761570692062378","0.5991816043853759","0.5962624549865723","0.6020885109901428","0.3796605050563812","0.2904564440250397","0.4895104765892029","0.5896874070167542","0.5808246731758118","0.5980278849601746","0.2388824224472046","0.21351683139801025","0.29629629850387573","0.3152114649613698","0.27824267745018005","0.34152209758758545"
"34","0.4602362453937531","0.4395240247249603","0.4713088274002075","0.5988542795181274","0.5927079916000366","0.6059502959251404","0.3706615030765533","0.27636364102363586","0.5079872012138367","0.5879607200622559","0.5786765813827515","0.5949386954307556","0.2603928357362747","0.22249093651771545","0.3393014073371887","0.23763293027877808","0.18269851803779602","0.33167752623558044"
"35","0.4684924244880676","0.4588961601257324","0.47800421714782715","0.5973101496696472","0.5905743837356567","0.6008973121643066","0.4017216980457306","0.2922201156616211","0.5476190447807312","0.5900344371795654","0.5800200700759888","0.5966798663139343","0.246397402882576","0.21122600138187408","0.3037317097187042","0.23491262396176657","0.1800128072500229","0.3009026050567627"
"36","0.46347869634628297","0.45043134689331055","0.47300368547439575","0.5988479614257812","0.5955508351325989","0.6030330061912537","0.40123520493507386","0.3380531072616577","0.5236530900001526","0.5878789901733399","0.5781473517417908","0.5964636206626892","0.2681489735841751","0.21834713220596313","0.338099867105484","0.18281801541646323","0.12547306716442108","0.2292885035276413"
"37","0.46518056392669677","0.45461806654930115","0.4820059537887573","0.5992084860801696","0.5974552035331726","0.6030977964401245","0.35161460340023043","0.16852368414402008","0.4775828421115875","0.5899007320404053","0.5832256078720093","0.5959057807922363","0.2435648888349533","0.20955528318881989","0.2768218517303467","0.2666204422712326","0.22022177278995514","0.3192331790924072"
"38","0.4675262331962585","0.4448283612728119","0.4875357449054718","0.5989295363426208","0.5955878496170044","0.6026838421821594","0.5042217254638672","0.3396860957145691","0.6716791987419128","0.5891092538833618","0.5821781158447266","0.5962340831756592","0.2461174488067627","0.18163855373859406","0.3384133279323578","0.18091935416062674","0.15585634112358093","0.2091951221227646"
"39","0.4764831602573395","0.4529334604740143","0.4918166995048523","0.5990372061729431","0.5969138741493225","0.6022231578826904","0.4448031961917877","0.3771224319934845","0.5203539729118347","0.583890175819397","0.5661852955818176","0.595619797706604","0.25389569997787476","0.21695759892463684","0.34232860803604126","0.2788034478823344","0.22722414135932922","0.3117421269416809"
"40","0.47112428545951845","0.4501907229423523","0.4847283959388733","0.5992822408676147","0.5959856510162354","0.6038086414337158","0.4258412331342697","0.24965132772922516","0.5501858592033386","0.5875836610794067","0.5782560706138611","0.5943060517311096","0.237226003408432","0.17812834680080414","0.31653672456741333","0.3000408113002777","0.2832548916339874","0.32709112763404846"
"41","0.47333300709724424","0.4467300772666931","0.4886432886123657","0.5999031901359558","0.5970435738563538","0.6032438278198242","0.479374897480011","0.4175475835800171","0.5149592161178589","0.5882827758789062","0.5719792246818542","0.5954697728157043","0.25558253824710847","0.2230876237154007","0.2960841655731201","0.2828761637210846","0.18987184762954712","0.39858320355415344"
"42","0.47517927289009093","0.4582635760307312","0.49213847517967224","0.5992464780807495","0.5954848527908325","0.6040486097335815","0.4193950295448303","0.30711206793785095","0.5148515105247498","0.5847877740859986","0.5756657123565674","0.589090883731842","0.2595907598733902","0.22461578249931335","0.3339422047138214","0.22684139013290405","0.2005702257156372","0.2698916494846344"
"43","0.4687919855117798","0.4412538409233093","0.48759594559669495","0.5989022493362427","0.5954013466835022","0.6030047535896301","0.3899549752473831","0.2226666659116745","0.509876549243927","0.5810863614082337","0.5542559623718262","0.5950327515602112","0.25586209297180174","0.20008383691310883","0.31608739495277405","0.18798469503720602","0.14314790070056915","0.24244213104248047"
"44","0.4777959048748016","0.46245795488357544","0.5048633813858032","0.6004507064819335","0.5978496670722961","0.6035469174385071","0.46437585949897764","0.3333333432674408","0.575880765914917","0.5862582564353943","0.5783742666244507","0.5949143767356873","0.2655958741903305","0.20236088335514069","0.3596617877483368","0.2641850511233012","0.2538696229457855","0.26992854475975037"
"45","0.4693240821361542","0.45524147152900696","0.495887815952301","0.5991570711135864","0.5976141691207886","0.6021411418914795","0.46640347838401797","0.2695924639701843","0.6164772510528564","0.5860967040061951","0.575854480266571","0.5939139127731323","0.26455057263374326","0.23837964236736298","0.31784558296203613","0.2015436291694641","0.13525773584842682","0.25675833225250244"
"46","0.48044219613075256","0.46963047981262207","0.4882253110408783","0.6000718355178833","0.5980925559997559","0.6035493612289429","0.4546193480491638","0.34049078822135925","0.6412371397018433","0.5899755597114563","0.5855069160461426","0.5935937762260437","0.257374694943428","0.22708192467689514","0.29542776942253113","0.24350298444430032","0.18823960423469543","0.2824627757072449"
"47","0.474580442905426","0.46143949031829834","0.49185556173324585","0.5997931241989136","0.5983098745346069","0.6029366254806519","0.5499553442001343","0.3793677091598511","0.7490636706352234","0.5898183226585388","0.5858176946640015","0.5947452783584595","0.260903412103653","0.22845828533172607","0.33016496896743774","0.20096977055072784","0.15709805488586426","0.24399176239967346"
"48","0.4827989399433136","0.46563082933425903","0.5004642605781555","0.5990496158599854","0.5969677567481995","0.600879430770874","0.47421988248825075","0.32551848888397217","0.5940902233123779","0.5818249821662903","0.5629945993423462","0.5949800610542297","0.294837486743927","0.27689531445503235","0.3390530049800873","0.28948288162549335","0.27666911482810974","0.30571281909942627"
"49","0.47770193219184875","0.4665626585483551","0.4906367063522339","0.5990403532981873","0.5964663028717041","0.6013877987861633","0.5216550230979919","0.3551952838897705","0.7127371430397034","0.5828288078308106","0.5614994168281555","0.5949327945709229","0.26597127318382263","0.22523002326488495","0.34070080518722534","0.23729519297679266","0.09518445283174515","0.32133811712265015"
"50","0.4786629378795624","0.4654542803764343","0.48559361696243286","0.5995552778244019","0.5987583994865417","0.6002143025398254","0.4348882496356964","0.2805429995059967","0.5719696879386902","0.583884847164154","0.5752767324447632","0.5937613248825073","0.2754917353391647","0.2210250049829483","0.3278633952140808","0.21622647841771445","0.19879961013793945","0.24289435148239136"
"51","0.48153857588768006","0.4712215065956116","0.491203248500824","0.5956872820854187","0.5797650218009949","0.6011103391647339","0.4720060586929321","0.28316327929496765","0.6559571623802185","0.5848921298980713","0.570698082447052","0.5957129597663879","0.2681745618581772","0.22724226117134094","0.35112419724464417","0.21226645012696585","0.15627436339855194","0.287092000246048"
"52","0.47084988951683043","0.45965468883514404","0.48229071497917175","0.5973416209220886","0.5880311727523804","0.6006435751914978","0.5101231217384339","0.36605656147003174","0.6576271057128906","0.5862364888191223","0.5776754021644592","0.5935426354408264","0.26800101399421694","0.22541868686676025","0.3677341639995575","0.24270910521348318","0.2242698222398758","0.27325960993766785"
"53","0.474894779920578","0.46513959765434265","0.48564329743385315","0.5966849327087402","0.5861214399337769","0.6010739207267761","0.5540872752666474","0.4235500991344452","0.6514886021614075","0.5858606576919556","0.5777124762535095","0.5955061912536621","0.27562093138694765","0.23631161451339722","0.3611365854740143","0.2265874147415161","0.12982505559921265","0.31613823771476746"
"54","0.48278300166130067","0.47526195645332336","0.4863201081752777","0.5957995533943177","0.5807416439056396","0.6000205278396606","0.5135563254356384","0.4328686594963074","0.6181474328041077","0.5869930624961853","0.5738044381141663","0.5970049500465393","0.26978498697280884","0.2473902702331543","0.3262970745563507","0.24853317936261496","0.21609625220298767","0.26582005620002747"
"55","0.49002063274383545","0.47498783469200134","0.5125114321708679","0.5973387837409974","0.5883989930152893","0.6024803519248962","0.556137990951538","0.36781609058380127","0.6539485454559326","0.5881673932075501","0.580608606338501","0.5962170958518982","0.2834533452987671","0.2566458284854889","0.33945146203041077","0.18476591010888418","0.1751776784658432","0.1899637132883072"
"56","0.4849926829338074","0.47830644249916077","0.4927722215652466","0.594850754737854","0.5846285820007324","0.5997633934020996","0.5387537062168122","0.32345524430274963","0.645470380783081","0.5887585282325745","0.5755570530891418","0.5955829620361328","0.28435930609703064","0.2573240399360657","0.34241577982902527","0.23204969863096872","0.1329912692308426","0.3694424331188202"
"57","0.4850792109966278","0.47433555126190186","0.4912162125110626","0.5927357912063599","0.5858032703399658","0.6011892557144165","0.5081155121326446","0.37856173515319824","0.6870503425598145","0.5850468397140502","0.5721143484115601","0.5944110155105591","0.29582913517951964","0.2553562521934509","0.37223586440086365","0.2795662581920624","0.18745198845863342","0.35013893246650696"
"58","0.4788313925266266","0.46812862157821655","0.4866096079349518","0.5964200496673584","0.5866446495056152","0.6005677580833435","0.5461341083049774","0.2664961516857147","0.697568416595459","0.584838080406189","0.5790690183639526","0.5931172966957092","0.28835987448692324","0.24027401208877563","0.3619459271430969","0.23336573441823324","0.18237453699111938","0.29635676741600037"
"59","0.4846651554107666","0.4730098843574524","0.49271059036254883","0.5949566960334778","0.5898939371109009","0.5987010598182678","0.4725848793983459","0.2708018124103546","0.6816037893295288","0.5884094595909118","0.5843948125839233","0.5941745638847351","0.27891118824481964","0.22614465653896332","0.3726239502429962","0.214457169175148","0.1982269436120987","0.2301439791917801"
"60","0.48023120164871214","0.47238054871559143","0.4883172810077667","0.5917439222335815","0.5789327621459961","0.6006479859352112","0.48283129930496216","0.396577388048172","0.6373737454414368","0.5875734090805054","0.5833023190498352","0.595835268497467","0.29684832096099856","0.266152948141098","0.3659999966621399","0.23673905928929648","0.1643695831298828","0.3092072308063507"
"61","0.4800303399562836","0.4683580696582794","0.49456194043159485","0.5928740978240967","0.5845947265625","0.5984520316123962","0.5774021625518799","0.3745644688606262","0.6819277405738831","0.5894825696945191","0.5821518301963806","0.5945959687232971","0.29684692025184634","0.26337650418281555","0.3239564299583435","0.24513489504655203","0.1734936684370041","0.2821232080459595"
"62","0.4863417148590088","0.47622352838516235","0.5018783211708069","0.5940876007080078","0.5854272842407227","0.6004360914230347","0.5700411677360535","0.4446397125720978","0.7102473378181458","0.588250732421875","0.5822798013687134","0.5963185429573059","0.2989572584629059","0.24961793422698975","0.34235161542892456","0.1625361293554306","0.15241442620754242","0.17358149588108063"
"63","0.4836359441280365","0.47994449734687805","0.4866240322589874","0.5917091488838195","0.5835617780685425","0.5990602374076843","0.5663636505603791","0.4950617253780365","0.634765625","0.5885489583015442","0.5854974389076233","0.5962216258049011","0.2857636511325836","0.2340814173221588","0.3514934778213501","0.20362106959025064","0.1733662188053131","0.2300194948911667"
"64","0.4924123704433441","0.47564029693603516","0.5030210614204407","0.5944195985794067","0.5874513387680054","0.6002354621887207","0.5807658970355988","0.41292276978492737","0.714018702507019","0.5873647809028626","0.5788396000862122","0.5953766107559204","0.2990164339542389","0.26825377345085144","0.34213608503341675","0.2486843317747116","0.21421591937541962","0.2745201289653778"
"65","0.4792665302753448","0.4686882793903351","0.48712214827537537","0.592666506767273","0.5819048881530762","0.6000925898551941","0.5899834990501404","0.4650259017944336","0.7677794098854065","0.5825260043144226","0.5679365992546082","0.5947346687316895","0.30386091470718385","0.2586364150047302","0.3461741507053375","0.2046515146891276","0.10918992757797241","0.3163953125476837"
"66","0.4729089975357056","0.45967161655426025","0.49411922693252563","0.5949780464172363","0.585396945476532","0.6015534996986389","0.6169135928153991","0.47375327348709106","0.7430939078330994","0.5872639894485474","0.5807934999465942","0.5959039926528931","0.29740274548530576","0.24912455677986145","0.3634229898452759","0.22568335135777792","0.16850219666957855","0.2633259892463684"
"67","0.4838468790054321","0.4647054672241211","0.49280792474746704","0.5882864594459534","0.5642391443252563","0.5992662310600281","0.5453682720661164","0.42123687267303467","0.6732954382896423","0.5904265165328979","0.5831827521324158","0.5963008403778076","0.3042491853237152","0.2718828022480011","0.34154704213142395","0.16618335992097855","0.10828625410795212","0.22772277891635895"
"68","0.4779811918735504","0.47061705589294434","0.4930126368999481","0.5929658651351929","0.5858439207077026","0.6000921130180359","0.5354118049144745","0.3408876359462738","0.678670346736908","0.5860635161399841","0.5781985521316528","0.5934174060821533","0.3160601079463959","0.2865740656852722","0.3919565677642822","0.21083833277225494","0.17982827126979828","0.24796974658966064"
"69","0.4819843351840973","0.4745810329914093","0.4883909821510315","0.5922584533691406","0.5850417017936707","0.5983756184577942","0.5460330069065094","0.440246045589447","0.6791045069694519","0.5842499732971191","0.5728155374526978","0.5977545380592346","0.319579553604126","0.28188806772232056","0.3839625418186188","0.20597377916177115","0.1369357854127884","0.3425123989582062"
"70","0.49254947900772095","0.4766763746738434","0.502851128578186","0.5956742167472839","0.5869025588035583","0.5986272692680359","0.5167685627937317","0.4099876582622528","0.702816903591156","0.5861924290657043","0.5752522945404053","0.5964064002037048","0.3047703981399536","0.27763742208480835","0.34201779961586","0.2392499397198359","0.18117383122444153","0.3550871014595032"
"71","0.48459813594818113","0.4720279574394226","0.4974230229854584","0.5911519527435303","0.5784658193588257","0.6010098457336426","0.5877116978168487","0.4798624813556671","0.6880733966827393","0.5868399620056153","0.5707531571388245","0.5970202684402466","0.30064003467559813","0.2568705081939697","0.36093637347221375","0.18500399589538574","0.17275211215019226","0.2018662840127945"
"72","0.47997798919677737","0.46687740087509155","0.4889864921569824","0.5935906171798706","0.581798255443573","0.6005231142044067","0.5550524771213532","0.41062480211257935","0.7021276354789734","0.5853670239448547","0.5756641030311584","0.5966343879699707","0.32734408378601076","0.27936026453971863","0.38284438848495483","0.20418107012907663","0.1277628093957901","0.2594570517539978"
"73","0.48198718428611753","0.46394383907318115","0.4899655282497406","0.5914277195930481","0.5695778131484985","0.6013253331184387","0.6064537644386292","0.4789643883705139","0.6975717544555664","0.5808500409126282","0.557917594909668","0.5972816348075867","0.3270075559616089","0.28628697991371155","0.37743034958839417","0.1872656842072805","0.16516003012657166","0.22228685021400452"
"74","0.4805508017539978","0.4688737988471985","0.49453040957450867","0.5893105268478394","0.5679861307144165","0.598900556564331","0.5721258521080017","0.36703911423683167","0.7503671050071716","0.5840250492095947","0.5664675235748291","0.597266674041748","0.32883832454681394","0.2658557891845703","0.376764714717865","0.20460481941699982","0.16929911077022552","0.27072688937187195"
"75","0.48801960349082946","0.4761343002319336","0.5036314725875854","0.5928272485733033","0.5815131664276123","0.601006269454956","0.621038818359375","0.4738219976425171","0.7402724027633667","0.5855448603630066","0.5701773762702942","0.5974737405776978","0.31491929292678833","0.27905333042144775","0.36612293124198914","0.19245929022630057","0.13948415219783783","0.22601570188999176"
"76","0.4846662521362305","0.4658745229244232","0.4949657618999481","0.5861172914505005","0.5707927942276001","0.6017793416976929","0.6254159867763519","0.4558359682559967","0.7966101765632629","0.5831186175346375","0.5579894781112671","0.5963321328163147","0.3310157060623169","0.29482343792915344","0.39452722668647766","0.2082056204477946","0.18013307452201843","0.23443223536014557"
"77","0.4792047023773193","0.4637453556060791","0.49159467220306396","0.5921898007392883","0.5736193060874939","0.6001332998275757","0.6100053668022156","0.5269482731819153","0.6853658556938171","0.5869284033775329","0.5786325931549072","0.5969655513763428","0.3044662714004517","0.267632395029068","0.35597407817840576","0.21579151352246603","0.15925028920173645","0.2908084988594055"
"78","0.49456949532032013","0.48374539613723755","0.49907174706459045","0.5900042057037354","0.5693806409835815","0.600978434085846","0.585574460029602","0.478315532207489","0.7313829660415649","0.5845659971237183","0.5711628198623657","0.5970081090927124","0.32477256655693054","0.297044575214386","0.35497480630874634","0.2673456569512685","0.14670926332473755","0.41576847434043884"
"79","0.4870723560452461","0.48373955488204956","0.49161630868911743","0.5926444292068481","0.5795893669128418","0.6005174517631531","0.6230838179588318","0.5586088299751282","0.6772260069847107","0.581164276599884","0.568695068359375","0.5962859392166138","0.32381272315979004","0.2663610875606537","0.3840530216693878","0.21506869296232858","0.15449148416519165","0.2701728343963623"
"80","0.48372602462768555","0.46893250942230225","0.49528926610946655","0.5904988884925843","0.5788781642913818","0.6021652817726135","0.6113400816917419","0.4994138479232788","0.7457305788993835","0.5804134845733643","0.5643107295036316","0.5970194935798645","0.3072096943855286","0.2683531641960144","0.3770413100719452","0.2682363341252009","0.19156993925571442","0.3809099793434143"
"81","0.48867067694664","0.4750143885612488","0.494162917137146","0.5930636048316955","0.5858129858970642","0.6006303429603577","0.6473446607589721","0.5251798629760742","0.7247098088264465","0.5865117192268372","0.5748985409736633","0.5978502035140991","0.34973846673965453","0.3314536213874817","0.3940841555595398","0.2023339420557022","0.13310185074806213","0.2766290605068207"
"82","0.49011455476284027","0.4729827642440796","0.49802371859550476","0.5932994604110717","0.5850995779037476","0.6016643643379211","0.6572551131248474","0.5437185764312744","0.7476780414581299","0.5854270935058594","0.574822723865509","0.5981332063674927","0.35356343984603883","0.3355851173400879","0.386579692363739","0.2103851636250814","0.16048328578472137","0.30566298961639404"
"83","0.49371595680713654","0.47724679112434387","0.5024377107620239","0.5934563279151917","0.5860292315483093","0.6005977392196655","0.6324422121047973","0.5022830963134766","0.7279411554336548","0.5842990040779114","0.5757444500923157","0.5985180735588074","0.35412495732307436","0.3286493420600891","0.40169936418533325","0.1962736447652181","0.13535736501216888","0.2571820914745331"
"84","0.4958888590335846","0.4803009629249573","0.5015707015991211","0.5924777626991272","0.5849146842956543","0.6003342866897583","0.6402973175048828","0.5100603699684143","0.7153965830802917","0.585761833190918","0.5791038274765015","0.5977991819381714","0.35294796228408815","0.32568132877349854","0.404030442237854","0.196571817000707","0.15036946535110474","0.24393151700496674"
"85","0.4943663254380226","0.47636178135871887","0.502701997756958","0.5933520555496216","0.5867387652397156","0.6027043461799622","0.6229804635047913","0.5025795102119446","0.7291105389595032","0.5841952204704285","0.5739315748214722","0.5966811776161194","0.35667320489883425","0.33066612482070923","0.4063279926776886","0.19387347002824148","0.15985769033432007","0.23174983263015747"
"86","0.49635378271341324","0.48148655891418457","0.5053353309631348","0.5928083181381225","0.583454430103302","0.6022197604179382","0.6127812206745148","0.42027267813682556","0.7454545497894287","0.5827369928359986","0.5729026794433594","0.5967530012130737","0.3635865330696106","0.3378280997276306","0.40560564398765564","0.21152776976426443","0.14415989816188812","0.2706986367702484"
"87","0.4960057958960533","0.4892006516456604","0.5006211996078491","0.5887757658958435","0.580045223236084","0.6006672382354736","0.6328508794307709","0.4981432259082794","0.7030128836631775","0.5845381617546082","0.5730940699577332","0.5975775718688965","0.3606314778327942","0.3478260934352875","0.4067493975162506","0.21890672047932944","0.13859274983406067","0.2920246720314026"
"88","0.49524713307619095","0.4899590313434601","0.5033843517303467","0.5926745295524597","0.5749298930168152","0.6007196307182312","0.6422308325767517","0.5112165808677673","0.7186761498451233","0.583690881729126","0.5745481848716736","0.5974864959716797","0.3647082030773163","0.33823227882385254","0.410944402217865","0.2114783152937889","0.12151088565587997","0.2829263210296631"
"89","0.49745048582553864","0.4795280694961548","0.5059219598770142","0.5898730397224426","0.5781814455986023","0.5986263751983643","0.6109590888023376","0.4705236256122589","0.7173553705215454","0.5855511665344239","0.5754535794258118","0.5979397296905518","0.36117714643478394","0.3371627926826477","0.40495795011520386","0.176868570347627","0.1123070940375328","0.24823787808418274"
"90","0.4975336864590645","0.4878476858139038","0.5030533671379089","0.5893336296081543","0.5801845788955688","0.5984562039375305","0.6101386845111847","0.4134920537471771","0.737051784992218","0.5849552154541016","0.5734149217605591","0.5975573062896729","0.36497837901115415","0.3391437232494354","0.41030383110046387","0.19158212343851724","0.11279742419719696","0.2447575032711029"
"91","0.49701326340436935","0.48207423090934753","0.5066980123519897","0.5899725675582885","0.5814191699028015","0.598728358745575","0.6458796739578248","0.5458860993385315","0.7600896954536438","0.5813719153404235","0.5651498436927795","0.5973408818244934","0.3680630028247833","0.34117767214775085","0.4177049696445465","0.17536080131928125","0.08223948627710342","0.2559504806995392"
"92","0.5029558688402176","0.49688535928726196","0.506600558757782","0.5852550148963929","0.5643982291221619","0.5985482335090637","0.6348795413970947","0.5338674187660217","0.7463235259056091","0.5805879592895508","0.564625084400177","0.595552384853363","0.3688077092170715","0.3481399714946747","0.4039853513240814","0.17503510415554047","0.11645340919494629","0.24719101190567017"
"93","0.4955630227923393","0.48522883653640747","0.5012742877006531","0.5902007579803467","0.5804867744445801","0.5993303656578064","0.5985814929008484","0.4855692982673645","0.7412480711936951","0.5812333822250366","0.5693283081054688","0.5962260365486145","0.36152438521385194","0.33972853422164917","0.4087882936000824","0.14920414239168167","0.1085972860455513","0.1748395711183548"
"94","0.4985544681549072","0.4959436058998108","0.5005232095718384","0.588591742515564","0.5806997418403625","0.5995736718177795","0.6607101798057556","0.5402397513389587","0.7795031070709229","0.5827973246574402","0.5699815154075623","0.5968215465545654","0.365332293510437","0.34643760323524475","0.40705612301826477","0.18199269970258078","0.1337290108203888","0.2321174293756485"
"95","0.5068209568659464","0.5021157264709473","0.513138473033905","0.5925457358360291","0.5816242694854736","0.5998490452766418","0.6181205570697784","0.4792196750640869","0.7283018827438354","0.5804090142250061","0.5612198710441589","0.5962210893630981","0.36889129877090454","0.3459106981754303","0.42151615023612976","0.21287438521782556","0.11291369050741196","0.3326076567173004"
"96","0.5078306992848715","0.5021189451217651","0.5140007734298706","0.5941338896751404","0.5837761759757996","0.6000100374221802","0.6028980731964111","0.4413982033729553","0.6867132782936096","0.5829072833061218","0.571689248085022","0.5965969562530518","0.36669684648513795","0.3435632586479187","0.4123382270336151","0.17041502396265665","0.12188577651977539","0.21410521864891052"
"97","0.504578431447347","0.5001631379127502","0.5098152160644531","0.5945129752159118","0.5878748893737793","0.6001004576683044","0.6272461354732514","0.468973308801651","0.7340425252914429","0.5812137126922607","0.5680383443832397","0.5959550142288208","0.3706796884536743","0.3488371968269348","0.41637539863586426","0.18903719385464987","0.10886570811271667","0.3087413012981415"
"98","0.5042891502380371","0.5001702904701233","0.5104599595069885","0.5949263334274292","0.5871044397354126","0.5999698638916016","0.627133971452713","0.4683026671409607","0.7795389294624329","0.5824536681175232","0.5734094977378845","0.5949302911758423","0.3673648715019226","0.3500955402851105","0.40840306878089905","0.20204267154137293","0.11753421276807785","0.2740863859653473"
"99","0.5033845901489258","0.49510395526885986","0.5110259056091309","0.5943459510803223","0.5852097272872925","0.5997286438941956","0.6304880201816558","0.4974463880062103","0.725978672504425","0.5748531103134156","0.5575296878814697","0.5957663059234619","0.3721529424190521","0.34452152252197266","0.4162317216396332","0.2063812812169393","0.11592715978622437","0.33978211879730225"