"Step","Grouped runs (OpenMatch) - Selected ratio of i.d over conf 0.95","Grouped runs (OpenMatch) - Selected ratio of i.d over conf 0.95__MIN","Grouped runs (OpenMatch) - Selected ratio of i.d over conf 0.95__MAX","Grouped runs (Proposed) - Selected ratio of i.d over conf 0.95","Grouped runs (Proposed) - Selected ratio of i.d over conf 0.95__MIN","Grouped runs (Proposed) - Selected ratio of i.d over conf 0.95__MAX","Grouped runs (FixMatch) - Selected ratio of i.d over conf 0.95","Grouped runs (FixMatch) - Selected ratio of i.d over conf 0.95__MIN","Grouped runs (FixMatch) - Selected ratio of i.d over conf 0.95__MAX","Grouped runs (MTC) - Selected ratio of i.d over conf 0.95","Grouped runs (MTC) - Selected ratio of i.d over conf 0.95__MIN","Grouped runs (MTC) - Selected ratio of i.d over conf 0.95__MAX","Grouped runs (SafeStudent) - Selected ratio of i.d over conf 0.95","Grouped runs (SafeStudent) - Selected ratio of i.d over conf 0.95__MIN","Grouped runs (SafeStudent) - Selected ratio of i.d over conf 0.95__MAX","Grouped runs (IOMatch) - Selected ratio of i.d over conf 0.95","Grouped runs (IOMatch) - Selected ratio of i.d over conf 0.95__MIN","Grouped runs (IOMatch) - Selected ratio of i.d over conf 0.95__MAX"
"0","","","","","","","0.4044500067830086","0.027249999344348907","0.9915000200271606","0.09200000017881393","0.09200000017881393","0.09200000017881393","0.4046499956399202","0.026249999180436134","0.9909999966621399","0.0032500000670552254","0.0032500000670552254","0.0032500000670552254"
"1","0.22249999940395354","0.1745000034570694","0.25087499618530273","","","","0.26957500278949736","0.23462499678134918","0.29725000262260437","0.13942500203847885","0.11500000208616257","0.15299999713897705","0.2387250006198883","0.2084999978542328","0.2758750021457672","0.15947499871253967","0.12612499296665192","0.18774999678134918"
"2","0.5205250024795532","0.5053750276565552","0.5338749885559082","0.07810000032186508","0.06712500005960464","0.09974999725818634","0.4675749957561493","0.4372499883174896","0.4971249997615814","0.43534999489784243","0.414124995470047","0.45274999737739563","0.46257500648498534","0.4427500069141388","0.4792500138282776","0.3939500033855438","0.36675000190734863","0.4168750047683716"
"3","0.5496249794960022","0.5329999923706055","0.5809999704360962","0.16624999940395355","0.14100000262260437","0.1876250058412552","0.4908750057220459","0.4754999876022339","0.5095000267028809","0.49649999141693113","0.47087499499320984","0.5118749737739563","0.5163250029087066","0.46912500262260437","0.5328750014305115","0.4534500002861023","0.4231249988079071","0.47850000858306885"
"4","0.5453999996185303","0.5306249856948853","0.559499979019165","0.20437500178813933","0.17125000059604645","0.24262499809265137","0.5052750110626221","0.476375013589859","0.5228750109672546","0.5394749879837036","0.5143749713897705","0.5578749775886536","0.5288749933242798","0.515874981880188","0.5511249899864197","0.4869249939918518","0.476749986410141","0.5061249732971191"
"5","0.5133000016212463","0.49262499809265137","0.5291249752044678","0.10422499924898147","0.08162499964237213","0.12962499260902405","0.5256749987602234","0.49549999833106995","0.5878750085830688","0.5344249963760376","0.5036249756813049","0.565500020980835","0.5535499930381775","0.5354999899864197","0.5741249918937683","0.5074000060558319","0.4663749933242798","0.5441250205039978"
"6","0.5447749972343445","0.5276250243186951","0.5584999918937683","0.15252500176429748","0.08837500214576721","0.20262500643730164","0.5300499856472015","0.49962499737739563","0.5554999709129333","0.5620499968528747","0.5488749742507935","0.578125","0.5503499865531921","0.5389999747276306","0.5612499713897705","0.5231500029563904","0.5084999799728394","0.5522500276565552"
"7","0.5715749979019165","0.5572500228881836","0.5929999947547913","0.16077499687671662","0.14875000715255737","0.1746249943971634","0.521100002527237","0.47737500071525574","0.6077499985694885","0.5510249972343445","0.5068749785423279","0.5848749876022339","0.562975001335144","0.5487499833106995","0.581375002861023","0.5421999931335449","0.5183749794960022","0.5684999823570251"
"8","0.5798499941825866","0.5649999976158142","0.6006249785423279","0.17935000061988832","0.14937500655651093","0.20274999737739563","0.5461750149726867","0.499875009059906","0.577875018119812","0.5723749876022339","0.547249972820282","0.5867499709129333","0.5798500061035157","0.5663750171661377","0.5953750014305115","0.5577999949455261","0.5413749814033508","0.5649999976158142"
"9","0.6083499908447265","0.5809999704360962","0.625249981880188","0.19142500162124634","0.17287500202655792","0.21712499856948853","0.549525010585785","0.4671249985694885","0.5977500081062317","0.5746999979019165","0.5283750295639038","0.6154999732971191","0.5739500045776367","0.5377500057220459","0.6072499752044678","0.5662999987602234","0.5411249995231628","0.5991250276565552"
"10","0.6262749910354615","0.5987499952316284","0.6449999809265137","0.2180750012397766","0.2018750011920929","0.2328750044107437","0.5577499806880951","0.4808749854564667","0.5981249809265137","0.5827749967575073","0.5567499995231628","0.6056249737739563","0.5755000114440918","0.5534999966621399","0.5901250243186951","0.5672250032424927","0.5460000038146973","0.6002500057220459"
"11","0.6279250025749207","0.6075000166893005","0.6784999966621399","0.24094999730587005","0.21875","0.25562500953674316","0.5452499985694885","0.49900001287460327","0.5708749890327454","0.087950000166893","0.07412499934434891","0.09700000286102295","0.5837499976158143","0.5277500152587891","0.6121249794960022","0.5939249992370605","0.5678750276565552","0.6202499866485596"
"12","0.6482499957084655","0.6309999823570251","0.6596249938011169","0.2659250020980835","0.24424999952316284","0.2931250035762787","0.5837500095367432","0.559499979019165","0.6197500228881836","0.09144999980926513","0.07562500238418579","0.12825000286102295","0.5923749923706054","0.578374981880188","0.6054999828338623","0.615024983882904","0.6028749942779541","0.6311249732971191"
"13","0.6535249948501587","0.6384999752044678","0.6614999771118164","0.280950003862381","0.24500000476837158","0.3154999911785126","0.5869499921798706","0.5652499794960022","0.6013749837875366","0.09802500009536744","0.07000000029802322","0.13837499916553497","0.5667999982833862","0.5516250133514404","0.581375002861023","0.6119249939918519","0.5898749828338623","0.6377500295639038"
"14","0.659499990940094","0.6346250176429749","0.6787499785423279","0.29262499809265136","0.27387499809265137","0.31200000643730164","0.5833750009536743","0.5238749980926514","0.6186249852180481","0.1150749996304512","0.0988750010728836","0.1303749978542328","0.5963750004768371","0.5745000243186951","0.6148750185966492","0.617425000667572","0.5851250290870667","0.6389999985694885"
"15","0.6669000029563904","0.6536250114440918","0.6887500286102295","0.3011000037193298","0.27549999952316284","0.3199999928474426","0.6006749868392944","0.5841249823570251","0.6257500052452087","0.10694999992847443","0.09049999713897705","0.14762499928474426","0.6131499886512757","0.5692499876022339","0.643875002861023","0.6326249837875366","0.5848749876022339","0.6607499718666077"
"16","0.6773750066757203","0.6611250042915344","0.7106249928474426","0.2918500006198883","0.273499995470047","0.3083750009536743","0.6074000120162963","0.5722500085830688","0.6346250176429749","0.1313999965786934","0.0886249989271164","0.16374999284744263","0.5954000115394592","0.5641250014305115","0.6072499752044678","0.6314749836921691","0.5964999794960022","0.6587499976158142"
"17","0.682224977016449","0.6656249761581421","0.7132499814033508","0.31049999594688416","0.2639999985694885","0.33812499046325684","0.6209500074386597","0.5877500176429749","0.6502500176429749","0.11794999986886978","0.0807500034570694","0.1627500057220459","0.6050999999046326","0.5976250171661377","0.6237499713897705","0.6500750064849854","0.6305000185966492","0.6984999775886536"
"18","0.6953249931335449","0.6868749856948853","0.7046250104904175","0.32134999632835387","0.3162499964237213","0.33012500405311584","0.6373500227928162","0.5975000262260437","0.6583750247955322","0.1543250009417534","0.0885000005364418","0.22712500393390656","0.6241999983787536","0.5862500071525574","0.6442499756813049","0.6517500042915344","0.6333749890327454","0.6666250228881836"
"19","0.6976500034332276","0.6838750243186951","0.7128750085830688","0.31322500109672546","0.2952499985694885","0.3251250088214874","0.6529749989509582","0.6172500252723694","0.6766250133514404","0.1604999989271164","0.13087500631809235","0.2434999942779541","0.6234499931335449","0.5885000228881836","0.6523749828338623","0.6680750012397766","0.6343749761581421","0.6852499842643738"
"20","0.6994749903678894","0.6779999732971191","0.721875011920929","0.31320000290870664","0.2720000147819519","0.3449999988079071","0.6730749845504761","0.6598749756813049","0.6794999837875366","0.14825000166893004","0.10112500190734863","0.2004999965429306","0.6035250067710877","0.5874999761581421","0.6366249918937683","0.6761749982833862","0.6330000162124634","0.7088750004768372"
"21","0.7057999968528748","0.687874972820282","0.722000002861023","0.3389249980449677","0.3070000112056732","0.3636249899864197","0.687024998664856","0.6573749780654907","0.7227500081062317","0.1614749997854233","0.11187499761581421","0.21175000071525574","0.35457500219345095","0.3087500035762787","0.3855000138282776","0.6885249972343445","0.6606249809265137","0.7204999923706055"
"22","0.7139250040054321","0.7073749899864197","0.7276250123977661","0.3296999990940094","0.2931250035762787","0.34412500262260437","0.6856999874114991","0.6582499742507935","0.7067499756813049","0.18087499737739562","0.15324999392032623","0.21162499487400055","0.36449999213218687","0.34712499380111694","0.3842499852180481","0.6854999899864197","0.6572499871253967","0.7123749852180481"
"23","0.7133500099182128","0.6972500085830688","0.7258750200271606","0.3317000031471252","0.2745000123977661","0.35862499475479126","0.6936500072479248","0.6855000257492065","0.7038750052452087","0.16485000252723694","0.12849999964237213","0.22175000607967377","0.39690000414848325","0.3473750054836273","0.42287498712539673","0.6905500054359436","0.6625000238418579","0.7105000019073486"
"24","0.7133500099182128","0.7003750205039978","0.7236250042915344","0.3533500015735626","0.33125001192092896","0.3725000023841858","0.706725001335144","0.6955000162124634","0.7166249752044678","0.16414999961853027","0.12837499380111694","0.24050000309944153","0.4243249952793121","0.3918749988079071","0.4573749899864197","0.7171000003814697","0.7117499709129333","0.7237499952316284"
"25","0.7172000169754028","0.7022500038146973","0.737375020980835","0.3706250011920929","0.34837499260902405","0.4000000059604645","0.7118749976158142","0.6946250200271606","0.7221249938011169","0.18912499845027925","0.15012499690055847","0.2529999911785126","0.42292500138282774","0.39100000262260437","0.4401249885559082","0.7135249853134156","0.6919999718666077","0.7350000143051147"
"26","0.7156999945640564","0.699874997138977","0.7333750128746033","0.3538500010967255","0.32587501406669617","0.3734999895095825","0.7096750020980835","0.6837499737739563","0.7279999852180481","0.1940750002861023","0.15162500739097595","0.25174999237060547","0.4511250019073486","0.4248749911785126","0.4871250092983246","0.716349995136261","0.6936249732971191","0.7574999928474426"
"27","0.7287000060081482","0.7245000004768372","0.7382500171661377","0.3632000029087067","0.3426249921321869","0.3877499997615814","0.7279500007629395","0.6765000224113464","0.7537500262260437","0.22620000541210175","0.15412500500679016","0.3152500092983246","0.46040000319480895","0.4036250114440918","0.4934999942779541","0.7312999963760376","0.7117499709129333","0.7490000128746033"
"28","0.7214499950408936","0.7111250162124634","0.7282500267028809","0.36129999756813047","0.33024999499320984","0.38212499022483826","0.7211250066757202","0.6644999980926514","0.7647500038146973","0.19982500076293946","0.12212499976158142","0.2926250100135803","0.4656499981880188","0.45212501287460327","0.4726249873638153","0.7221000075340271","0.7059999704360962","0.7599999904632568"
"29","0.722350001335144","0.7139999866485596","0.7348750233650208","0.36965000033378603","0.35475000739097595","0.40062499046325684","0.7634750008583069","0.719124972820282","0.7876250147819519","0.20239999890327454","0.179625004529953","0.26662498712539673","0.46377500891685486","0.4205000102519989","0.5005000233650208","0.7349999904632568","0.7111250162124634","0.7543749809265137"
"30","0.731475007534027","0.7153750061988831","0.753125011920929","0.3696750044822693","0.33762499690055847","0.38999998569488525","0.7629499912261963","0.7362499833106995","0.7857499718666077","0.23935000002384185","0.22637499868869781","0.2631250023841858","0.4779500007629395","0.46274998784065247","0.49137499928474426","0.7434500098228455","0.7228749990463257","0.7573750019073486"
"31","0.7340000033378601","0.7141249775886536","0.7547500133514404","0.3825249969959259","0.35612499713897705","0.39887499809265137","0.741575014591217","0.6946250200271606","0.7678750157356262","0.22907499969005585","0.1901250034570694","0.2916249930858612","0.4861500024795532","0.46012499928474426","0.503250002861023","0.7496749997138977","0.7248749732971191","0.7702500224113464"
"32","0.7370499968528748","0.7273749709129333","0.7567499876022339","0.3659999966621399","0.33787500858306885","0.3931249976158142","0.7663500070571899","0.7283750176429749","0.8184999823570251","0.23977499902248384","0.18299999833106995","0.36800000071525574","0.4778999984264374","0.4544999897480011","0.5091249942779541","0.7529000043869019","0.7273749709129333","0.7735000252723694"
"33","0.7365499973297119","0.7266250252723694","0.7544999718666077","0.3872250020503998","0.3723750114440918","0.4137499928474426","0.7813500046730042","0.7475000023841858","0.8032500147819519","0.2265999972820282","0.17887499928474426","0.2639999985694885","0.49554999470710753","0.476624995470047","0.5213750004768372","0.7520499944686889","0.7164999842643738","0.7792500257492065"
"34","0.7317749977111816","0.7153750061988831","0.7451249957084656","0.3941249907016754","0.3733749985694885","0.42237499356269836","0.784375","0.7678750157356262","0.7925000190734863","0.2321750044822693","0.1535000056028366","0.2955000102519989","0.49802500009536743","0.48625001311302185","0.5113750100135803","0.7781000018119812","0.7731249928474426","0.7839999794960022"
"35","0.7338250041007995","0.7208750247955322","0.7534999847412109","0.3965000033378601","0.359250009059906","0.42875000834465027","0.7978500008583069","0.7906249761581421","0.8069999814033508","0.2121250033378601","0.13324999809265137","0.3316250145435333","0.5075749933719635","0.4898749887943268","0.5236250162124634","0.7834249854087829","0.765625","0.7978749871253967"
"36","0.7399500012397766","0.731249988079071","0.7452499866485596","0.4054499983787537","0.3747499883174896","0.4346249997615814","0.797475004196167","0.780875027179718","0.8084999918937683","0.21159999668598176","0.16762499511241913","0.25224998593330383","0.522124993801117","0.4957500100135803","0.547124981880188","0.7777249932289123","0.7615000009536743","0.7921249866485596"
"37","0.7448750019073487","0.7322499752044678","0.7605000138282776","0.37947500348091123","0.3386250138282776","0.41324999928474426","0.8174499988555908","0.7979999780654907","0.8273749947547913","0.2550499975681305","0.22200000286102295","0.3397499918937683","0.526325011253357","0.5070000290870667","0.5581250190734863","0.7734250068664551","0.7528749704360962","0.7851250171661377"
"38","0.7421750068664551","0.7294999957084656","0.749875009059906","0.4149999976158142","0.3853749930858612","0.43287500739097595","0.8075000047683716","0.7581250071525574","0.8295000195503235","0.22292500138282775","0.18649999797344208","0.29862499237060547","0.5310000002384185","0.4650000035762787","0.5613750219345093","0.7896000146865845","0.7562500238418579","0.8057500123977661"
"39","0.7440999984741211","0.7362499833106995","0.7597500085830688","0.4195999979972839","0.37587499618530273","0.445250004529953","0.8302250027656555","0.8158749938011169","0.8402500152587891","0.24892499744892121","0.1928749978542328","0.3307499885559082","0.5177500009536743","0.49924999475479126","0.53125","0.7758249878883362","0.7289999723434448","0.8100000023841858"
"40","0.7444499969482422","0.7262499928474426","0.7605000138282776","0.4162500023841858","0.3922500014305115","0.4321250021457672","0.8221500039100647","0.8065000176429749","0.8411250114440918","0.23090000152587892","0.16687500476837158","0.31987500190734863","0.5126999914646149","0.45274999737739563","0.5421249866485596","0.7958750009536744","0.7806249856948853","0.815750002861023"
"41","0.7470250010490418","0.7352499961853027","0.7596250176429749","0.41707500219345095","0.39024999737739563","0.4556249976158142","0.8247249960899353","0.7990000247955322","0.844124972820282","0.22572499811649321","0.1783750057220459","0.33037498593330383","0.5555999994277954","0.5195000171661377","0.5832499861717224","0.8074749946594239","0.7904999852180481","0.8203750252723694"
"42","0.7526750087738037","0.7438750267028809","0.7612500190734863","0.43027499318122864","0.406125009059906","0.46687498688697815","0.836299991607666","0.7947499752044678","0.8716250061988831","0.26669999957084656","0.2006250023841858","0.3566249907016754","0.5503000020980835","0.5320000052452087","0.5652499794960022","0.8146999955177308","0.7950000166893005","0.8371250033378601"
"43","0.7510999917984009","0.7387499809265137","0.7572500109672546","0.4113499939441681","0.3882499933242798","0.4230000078678131","0.849875009059906","0.8370000123977661","0.8601250052452087","0.23737500309944154","0.1940000057220459","0.27537500858306885","0.5590250015258789","0.5396249890327454","0.5733749866485596","0.8140750050544738","0.7807499766349792","0.8462499976158142"
"44","0.7517250061035157","0.7441250085830688","0.7632499933242798","0.41297500133514403","0.37299999594688416","0.44624999165534973","0.85902498960495","0.840499997138977","0.8706250190734863","0.2664250016212463","0.14012500643730164","0.3323749899864197","0.5524749994277954","0.527999997138977","0.574874997138977","0.8218500018119812","0.7866250276565552","0.8448749780654907"
"45","0.7509000062942505","0.7446249723434448","0.7680000066757202","0.42137499451637267","0.3877499997615814","0.48487499356269836","0.836899995803833","0.824874997138977","0.8527500033378601","0.25862500071525574","0.19762499630451202","0.29774999618530273","0.5517250061035156","0.5271250009536743","0.5687500238418579","0.8241750121116638","0.8080000281333923","0.8385000228881836"
"46","0.7529500007629395","0.7440000176429749","0.7638750076293945","0.42677500247955324","0.40400001406669617","0.4480000138282776","0.8614500045776368","0.8267499804496765","0.8771250247955322","0.27532499730587007","0.19449999928474426","0.3527500033378601","0.5501999855041504","0.5389999747276306","0.5615000128746033","0.8227750062942505","0.8056250214576721","0.843625009059906"
"47","0.7483999967575073","0.7394999861717224","0.7590000033378601","0.44065000414848327","0.4256249964237213","0.4571250081062317","0.8725499987602234","0.8547499775886536","0.8821250200271606","0.2658250033855438","0.21375000476837158","0.30924999713897705","0.5562250018119812","0.5351250171661377","0.5683749914169312","0.8304250001907348","0.8258749842643738","0.8427500128746033"
"48","0.742300009727478","0.7318750023841858","0.7671250104904175","0.43267500400543213","0.406374990940094","0.4858750104904175","0.8726500034332275","0.8548750281333923","0.8992499709129333","0.2956499993801117","0.23999999463558197","0.4011250138282776","0.5753999948501587","0.5541250109672546","0.5982499718666077","0.8329000115394593","0.8149999976158142","0.859125018119812"
"49","0.7509999990463256","0.7480000257492065","0.7544999718666077","0.4407750070095062","0.4103749990463257","0.4751250147819519","0.8746749997138977","0.8598750233650208","0.8849999904632568","0.31057499945163725","0.21312500536441803","0.4037500023841858","0.5666249990463257","0.5487499833106995","0.5876250267028809","0.83052499294281","0.8202499747276306","0.843874990940094"
"50","0.7513999938964844","0.7452499866485596","0.7593749761581421","0.4334250032901764","0.38862499594688416","0.48500001430511475","0.8738499999046325","0.8548750281333923","0.8934999704360962","0.26644999980926515","0.23762500286102295","0.3656249940395355","0.565275001525879","0.5476250052452087","0.5721250176429749","0.8497499942779541","0.8352500200271606","0.8658750057220459"
"51","0.7533750057220459","0.7327499985694885","0.765500009059906","0.4285250067710876","0.36787500977516174","0.4855000078678131","0.8724499940872192","0.8464999794960022","0.8986250162124634","0.29707499742507937","0.19474999606609344","0.4207499921321869","0.5792500019073487","0.5533750057220459","0.6150000095367432","0.8452250003814697","0.8357499837875366","0.8498749732971191"
"52","0.7502500176429748","0.7332500219345093","0.7628750205039978","0.42292500138282774","0.4078750014305115","0.453000009059906","0.8829499959945679","0.8608750104904175","0.9024999737739563","0.2644250005483627","0.20800000429153442","0.3817499876022339","0.5657750010490418","0.5257499814033508","0.6107500195503235","0.8553750038146972","0.84375","0.8611249923706055"
"53","0.7514999985694886","0.7283750176429749","0.7682499885559082","0.44832500219345095","0.4090000092983246","0.4807499945163727","0.8914750099182129","0.8716250061988831","0.906000018119812","0.30885000228881837","0.27649998664855957","0.38962501287460327","0.5734500050544739","0.5227500200271606","0.5952500104904175","0.8507500052452087","0.8360000252723694","0.8654999732971191"
"54","0.7578999996185303","0.7518749833106995","0.768750011920929","0.44164999127388","0.42287498712539673","0.4650000035762787","0.899750006198883","0.8738750219345093","0.909500002861023","0.29949999451637266","0.21912500262260437","0.4372499883174896","0.5725749850273132","0.5273749828338623","0.6017500162124634","0.854200005531311","0.8287500143051147","0.8668749928474426"
"55","0.7585999965667725","0.7521250247955322","0.7682499885559082","0.45339999794960023","0.41975000500679016","0.5357499718666077","0.9008000135421753","0.8796250224113464","0.9135000109672546","0.29072500467300416","0.24012500047683716","0.33137500286102295","0.5763499975204468","0.5206249952316284","0.6231250166893005","0.8514250040054321","0.8307499885559082","0.8730000257492065"
"56","0.7565249919891357","0.7403749823570251","0.7706249952316284","0.441225004196167","0.4221250116825104","0.4658749997615814","0.8996500134468078","0.874625027179718","0.9173750281333923","0.28420000076293944","0.21012499928474426","0.3398750126361847","0.5871250033378601","0.5335000157356262","0.6036249995231628","0.8659750103950501","0.8453750014305115","0.8853750228881836"
"57","0.7569000005722046","0.7411249876022339","0.7681249976158142","0.45762500166893005","0.43050000071525574","0.5238749980926514","0.9089499950408936","0.9028750061988831","0.9172499775886536","0.2828250050544739","0.2356249988079071","0.4036250114440918","0.5907750010490418","0.562375009059906","0.6083750128746033","0.8596500039100647","0.8421249985694885","0.8703749775886536"
"58","0.7554749965667724","0.7408750057220459","0.7757499814033508","0.4354249954223633","0.39912500977516174","0.48124998807907104","0.9001250028610229","0.8776249885559082","0.9190000295639038","0.2918999999761581","0.2436250001192093","0.3903749883174896","0.5883250117301941","0.5507500171661377","0.6046249866485596","0.8789499998092651","0.8602499961853027","0.8952500224113464"
"59","0.7628250122070312","0.7590000033378601","0.7718750238418579","0.45769999623298646","0.41449999809265137","0.5164999961853027","0.9079999923706055","0.8889999985694885","0.9241250157356262","0.2680500000715256","0.16087499260902405","0.359499990940094","0.5667750000953674","0.5476250052452087","0.5797500014305115","0.8652500033378601","0.8445000052452087","0.8928750157356262"
"60","0.7614750027656555","0.7507500052452087","0.7733749747276306","0.4527500033378601","0.41574999690055847","0.5021250247955322","0.9104000091552734","0.8830000162124634","0.9259999990463257","0.31579999923706054","0.25999999046325684","0.39012500643730164","0.5834000110626221","0.5486249923706055","0.5975000262260437","0.8745999932289124","0.856124997138977","0.8930000066757202"
"61","0.7626000046730042","0.7459999918937683","0.7848749756813049","0.4788500010967255","0.4336250126361847","0.5550000071525574","0.9147249937057496","0.90625","0.9213749766349792","0.31062500178813934","0.23462499678134918","0.4180000126361847","0.6033750057220459","0.5597500205039978","0.6356250047683716","0.8730000019073486","0.8546249866485596","0.890625"
"62","0.7614500045776367","0.7418749928474426","0.7760000228881836","0.4610749840736389","0.4113749861717224","0.5456249713897705","0.9191499948501587","0.9068750143051147","0.9352499842643738","0.303125","0.26887500286102295","0.3472500145435333","0.5872750043869018","0.5483750104904175","0.6273750066757202","0.881375002861023","0.8579999804496765","0.9037500023841858"
"63","0.7661500096321106","0.7572500109672546","0.7795000076293945","0.469650000333786","0.40549999475479126","0.5479999780654907","0.919474995136261","0.9086250066757202","0.9317499995231628","0.3322750061750412","0.23212499916553497","0.4492500126361847","0.5956249952316284","0.5820000171661377","0.6129999756813049","0.8954000115394593","0.8855000138282776","0.9033750295639038"
"64","0.7655750036239624","0.7566249966621399","0.7768750190734863","0.45882499814033506","0.414000004529953","0.5421249866485596","0.9273999929428101","0.909250020980835","0.9358749985694885","0.29500000178813934","0.20737500488758087","0.39024999737739563","0.605649995803833","0.590624988079071","0.6178749799728394","0.887974989414215","0.875374972820282","0.8983749747276306"
"65","0.7638750076293945","0.749875009059906","0.7762500047683716","0.46407499313354494","0.43562498688697815","0.5066249966621399","0.923199999332428","0.9039999842643738","0.9409999847412109","0.32082499861717223","0.2669999897480011","0.4022499918937683","0.6048249959945678","0.5803750157356262","0.6306250095367432","0.8906499862670898","0.8423749804496765","0.9147499799728394"
"66","0.7654749989509583","0.7578750252723694","0.7795000076293945","0.47385000586509707","0.41850000619888306","0.5055000185966492","0.9314499855041504","0.9147499799728394","0.9449999928474426","0.3412500023841858","0.25312501192092896","0.46950000524520874","0.6129999995231629","0.6025000214576721","0.6223750114440918","0.888349997997284","0.8771250247955322","0.9049999713897705"
"67","0.7712249994277954","0.7668750286102295","0.7799999713897705","0.45990000367164613","0.35725000500679016","0.5116249918937683","0.9358000040054322","0.9223750233650208","0.9459999799728394","0.28762500286102294","0.23649999499320984","0.3466250002384186","0.6247500061988831","0.6054999828338623","0.6412500143051147","0.8885249972343445","0.8646249771118164","0.9073749780654907"
"68","0.7735499858856201","0.7577499747276306","0.7848749756813049","0.4656249940395355","0.4362500011920929","0.5044999718666077","0.9341749906539917","0.9213749766349792","0.9427499771118164","0.2970500022172928","0.22287499904632568","0.35899999737739563","0.613574993610382","0.5883749723434448","0.6487500071525574","0.8960999965667724","0.8763750195503235","0.9148749709129333"
"69","0.7641749978065491","0.7483749985694885","0.7818750143051147","0.4873749911785126","0.4659999907016754","0.528124988079071","0.9380249977111816","0.9279999732971191","0.9453750252723694","0.32422500252723696","0.2540000081062317","0.43062499165534973","0.5985749959945679","0.5839999914169312","0.6156250238418579","0.9019999980926514","0.8966249823570251","0.9148749709129333"
"70","0.7669250130653381","0.7557500004768372","0.7726250290870667","0.4694999873638153","0.44449999928474426","0.5019999742507935","0.9272999882698059","0.9146249890327454","0.937874972820282","0.30360000133514403","0.21175000071525574","0.45137500762939453","0.6272000074386597","0.5953750014305115","0.6537500023841858","0.8982249975204468","0.8920000195503235","0.909500002861023"
"71","0.7649500012397766","0.7559999823570251","0.7806249856948853","0.4710749924182892","0.4129999876022339","0.5307499766349792","0.9416000127792359","0.9332500100135803","0.952875018119812","0.2926250010728836","0.23787499964237213","0.38612499833106995","0.602524995803833","0.5843750238418579","0.6266250014305115","0.9066499948501587","0.890625","0.9237499833106995"
"72","0.7628250002861023","0.7584999799728394","0.7695000171661377","0.4768999993801117","0.45787501335144043","0.5066249966621399","0.9419749975204468","0.9396250247955322","0.9451249837875366","0.3090250015258789","0.226624995470047","0.4116249978542328","0.6016250014305115","0.5506250262260437","0.6343749761581421","0.9060500025749206","0.8771250247955322","0.9243749976158142"
"73","0.7624250054359436","0.7472500205039978","0.7724999785423279","0.47419999837875365","0.421999990940094","0.5211250185966492","0.941825008392334","0.9300000071525574","0.9520000219345093","0.31332499980926515","0.25962498784065247","0.359375","0.616824996471405","0.6051250100135803","0.637374997138977","0.9116999983787537","0.9001250267028809","0.9247499704360962"
"74","0.7734500050544739","0.7613750100135803","0.7793750166893005","0.4799000024795532","0.4261249899864197","0.5403749942779541","0.9445749878883362","0.9322500228881836","0.9591249823570251","0.3346000015735626","0.2526249885559082","0.47737500071525574","0.6172999978065491","0.574874997138977","0.6589999794960022","0.9095249891281127","0.8963750004768372","0.9269999861717224"
"75","0.7691499829292298","0.7618749737739563","0.7773749828338623","0.5036500036716461","0.43575000762939453","0.5648750066757202","0.9531000137329102","0.9453750252723694","0.9612500071525574","0.3476750016212463","0.26750001311302185","0.46187499165534973","0.6020500063896179","0.5708749890327454","0.6326249837875366","0.9154749870300293","0.903124988079071","0.9296249747276306"
"76","0.7683499932289124","0.7584999799728394","0.7795000076293945","0.45647500157356263","0.4372499883174896","0.5022500157356262","0.9552500009536743","0.9483749866485596","0.9626250267028809","0.3553250014781952","0.2747499942779541","0.4909999966621399","0.6074250102043152","0.593874990940094","0.628125011920929","0.9085000038146973","0.8970000147819519","0.9203749895095825"
"77","0.7729750037193298","0.7684999704360962","0.781000018119812","0.5145249962806702","0.47062501311302185","0.5767499804496765","0.9513000130653382","0.9397500157356262","0.9610000252723694","0.3283999919891357","0.257999986410141","0.47212499380111694","0.6346500039100647","0.6000000238418579","0.6604999899864197","0.9169749975204468","0.9054999947547913","0.9277499914169312"
"78","0.7721749901771545","0.7601249814033508","0.7822499871253967","0.4638000071048737","0.414000004529953","0.5196250081062317","0.9448750019073486","0.9201250076293945","0.956250011920929","0.3481249988079071","0.27175000309944153","0.41624999046325684","0.6256750106811524","0.5983750224113464","0.6462500095367432","0.9217249989509583","0.9128749966621399","0.9337499737739563"
"79","0.7741999983787536","0.7617499828338623","0.7821249961853027","0.5222750127315521","0.4456250071525574","0.6510000228881836","0.9463250041007996","0.9315000176429749","0.9667500257492065","0.3319499909877777","0.2121250033378601","0.5027499794960022","0.6267500042915344","0.6052500009536743","0.640874981880188","0.9180999994277954","0.9104999899864197","0.9287499785423279"
"80","0.7753749966621399","0.7601249814033508","0.7872499823570251","0.45975000858306886","0.41062501072883606","0.5423750281333923","0.954925000667572","0.9449999928474426","0.9639999866485596","0.33417500257492067","0.3096249997615814","0.3578749895095825","0.6267500042915344","0.6013749837875366","0.6536250114440918","0.9185999989509582","0.9142500162124634","0.9308750033378601"
"81","0.7702249884605408","0.7601249814033508","0.7791249752044678","0.5336749911308288","0.5036249756813049","0.6002500057220459","0.9810999989509582","0.9804999828338623","0.9821249842643738","0.4446250021457672","0.36387500166893005","0.5613750219345093","0.6642750144004822","0.6533750295639038","0.6723750233650208","0.9566750049591064","0.9505000114440918","0.9660000205039978"
"82","0.7720999956130982","0.7664999961853027","0.7804999947547913","0.5595500111579895","0.5063750147819519","0.6107500195503235","0.9821749925613403","0.981374979019165","0.9831249713897705","0.4515500009059906","0.3799999952316284","0.578000009059906","0.668999993801117","0.6542500257492065","0.6792500019073486","0.959624993801117","0.949874997138977","0.9673749804496765"
"83","0.773199999332428","0.7572500109672546","0.7832499742507935","0.5416499972343445","0.5033749938011169","0.6001250147819519","0.9830749988555908","0.9817500114440918","0.9851250052452087","0.44684999585151675","0.40174999833106995","0.5486249923706055","0.6772750020027161","0.6660000085830688","0.6916249990463257","0.9608250021934509","0.9509999752044678","0.9703750014305115"
"84","0.7698500037193299","0.7598749995231628","0.7804999947547913","0.5688250064849854","0.5080000162124634","0.6447499990463257","0.9844499945640564","0.9832500219345093","0.9868749976158142","0.4489499986171722","0.3785000145435333","0.5554999709129333","0.6750749945640564","0.6622499823570251","0.6934999823570251","0.9631749987602234","0.956375002861023","0.9723749756813049"
"85","0.774750006198883","0.7609999775886536","0.7827500104904175","0.5438250064849853","0.5112500190734863","0.5845000147819519","0.9841249942779541","0.9828749895095825","0.9853749871253967","0.4537249982357025","0.3876250088214874","0.5758749842643738","0.6800250053405762","0.6701250076293945","0.6908749938011169","0.9629999876022339","0.9559999704360962","0.9745000004768372"
"86","0.7756749868392945","0.765874981880188","0.7848749756813049","0.5675999999046326","0.5048750042915344","0.6899999976158142","0.9845499992370605","0.9835000038146973","0.9862499833106995","0.4653499960899353","0.4013749957084656","0.5519999861717224","0.6754749894142151","0.6571249961853027","0.6884999871253967","0.963950002193451","0.9564999938011169","0.9727500081062317"
"87","0.7748999953269958","0.7593749761581421","0.7879999876022339","0.5493000030517579","0.5162500143051147","0.5683749914169312","0.9857749938964844","0.9827499985694885","0.9878749847412109","0.46679999828338625","0.4165000021457672","0.5987499952316284","0.678000009059906","0.6666250228881836","0.6980000138282776","0.9646750092506409","0.9585000276565552","0.9727500081062317"
"88","0.7772499918937683","0.7663750052452087","0.7864999771118164","0.5649749875068665","0.5182499885559082","0.609250009059906","0.9867000102996826","0.9835000038146973","0.9890000224113464","0.47194998860359194","0.38987499475479126","0.5617499947547913","0.6766999959945679","0.6601250171661377","0.6882500052452087","0.9673500061035156","0.9596250057220459","0.9752500057220459"
"89","0.7805750012397766","0.7735000252723694","0.7928749918937683","0.538349986076355","0.5143749713897705","0.5816249847412109","0.9860000014305115","0.984499990940094","0.987625002861023","0.45552500486373904","0.398375004529953","0.5803750157356262","0.6752999901771546","0.6623749732971191","0.6804999709129333","0.9661000013351441","0.9580000042915344","0.9726250171661377"
"90","0.7770249962806701","0.765874981880188","0.7883750200271606","0.5632499933242798","0.5289999842643738","0.6048750281333923","0.986899995803833","0.9848750233650208","0.9888749718666077","0.4750999927520752","0.4112499952316284","0.5921249985694885","0.6746750116348267","0.6623749732971191","0.690500020980835","0.9671750068664551","0.9577500224113464","0.9739999771118164"
"91","0.7747000098228455","0.7490000128746033","0.7923750281333923","0.552649998664856","0.5262500047683716","0.5856249928474426","0.9876749873161316","0.9867500066757202","0.9886249899864197","0.4586499989032745","0.38187500834465027","0.6013749837875366","0.6802250027656556","0.668624997138977","0.6908749938011169","0.9680500149726867","0.9621250033378601","0.9752500057220459"
"92","0.775724995136261","0.7527499794960022","0.7887499928474426","0.553600013256073","0.5142499804496765","0.6106250286102295","0.988099992275238","0.9862499833106995","0.9896249771118164","0.48320000171661376","0.4191249907016754","0.6365000009536743","0.6787249922752381","0.668874979019165","0.690625011920929","0.9687250137329102","0.9621250033378601","0.9785000085830688"
"93","0.7756250023841857","0.7571250200271606","0.7896249890327454","0.5646250009536743","0.5422499775886536","0.5822499990463257","0.9877750039100647","0.9861249923706055","0.9886249899864197","0.4830500066280365","0.39912500977516174","0.6411250233650208","0.680050003528595","0.6633750200271606","0.6951249837875366","0.9696000099182129","0.9642500281333923","0.9764999747276306"
"94","0.7781000018119812","0.7592499852180481","0.7926250100135803","0.5534999966621399","0.5146250128746033","0.6013749837875366","0.9888999938964844","0.9868749976158142","0.9898750185966492","0.47697499990463255","0.35487499833106995","0.6362500190734863","0.6759000062942505","0.6651250123977661","0.7049999833106995","0.9692749857902527","0.9624999761581421","0.9772499799728394"
"95","0.7775750041007996","0.7581250071525574","0.7892500162124634","0.5650250077247619","0.5382500290870667","0.5921249985694885","0.9886250019073486","0.9869999885559082","0.9897500276565552","0.4627250015735626","0.3831250071525574","0.5792499780654907","0.6776250123977661","0.6661249995231628","0.6881250143051147","0.9702749967575073","0.9631249904632568","0.9766250252723694"
"96","0.776800000667572","0.7586249709129333","0.7875000238418579","0.5505249977111817","0.5141249895095825","0.6037499904632568","0.9889750003814697","0.9878749847412109","0.9897500276565552","0.47329999804496764","0.36899998784065247","0.6356250047683716","0.6805249929428101","0.6631249785423279","0.6947500109672546","0.9692999958992005","0.9629999995231628","0.9789999723434448"
"97","0.7763499975204468","0.7519999742507935","0.7883750200271606","0.5660750031471252","0.543624997138977","0.6141250133514404","0.9897249937057495","0.9884999990463257","0.9912499785423279","0.46952499747276305","0.3711250126361847","0.6178749799728394","0.6845999956130981","0.6759999990463257","0.6965000033378601","0.9717000007629395","0.9645000100135803","0.9803749918937683"
"98","0.7763499975204468","0.7542499899864197","0.7935000061988831","0.5550500154495239","0.5168750286102295","0.6011250019073486","0.9901250004768372","0.9883750081062317","0.9921249747276306","0.4853249967098236","0.3804999887943268","0.6213750243186951","0.6830249905586243","0.6703749895095825","0.6928750276565552","0.9711999893188477","0.9648749828338623","0.9789999723434448"
"99","0.7797749996185303","0.7591249942779541","0.7886250019073486","0.5637249946594238","0.5277500152587891","0.5971249938011169","0.990500009059906","0.9894999861717224","0.9915000200271606","0.46677500009536743","0.40625","0.5917500257492065","0.6807499885559082","0.6672499775886536","0.6983749866485596","0.9719250082969666","0.9627500176429749","0.9804999828338623"